,202107,202108,202109,202110,202111,202112,202201,202202,202203,202204,202205,NA_count,control,control1
0,14474,23320,59758,16409,116798,604486,24763,16329,2043,760,640,0,400.2236145,606.3142256
1,20092,10048,38168,16560,60904,315032,13260,988,1128,6304,880,0,824.4848082,745.3501468
2,6777,5616,20916,6268,34999,436572,43045,18926,2607,3805,524,0,526.9653461,597.2411937
3,38483,42263,29071,10994,13792,54053,9064,4395,7509,6614,10702,0,10845.48237,10792.10436
4,35405,24702,57863,48951,67437,146042,28688,15477,8276,1999,1018,0,1200.570378,1106.652216
5,7599,15626,26922,22949,38028,161140,49626,1933,294,1614,251,0,285.2038037,216.363923
6,18756,8411,26055,10348,18567,28571,19481,2080,3520,200,100.5,1,239.0095144,100
7,19900,22614,36544,15096,27611,54702,5772,2912,6559,7860,4914,0,4822.967123,4967.870997
8,15027,14109,30402,20754,24665,74087,15164,5127,3046,1601,1550,0,1449.509197,1546.777765
9,3000,68356,57864,36500,35182,38400,800,401,2,1.5,1,2,15.17215819,1
10,67293,90506,63664,36500,41880,45600,800,640.8,481.6,322.4,163.2,4,10078.47954,100
11,6077,5265,13268,5773,27191,127185,4746,1933,370,1704,462,0,629.7330381,504.6378366
12,17475,15735,37085,26738,30737,81676,12966,6130,2536,344,536,0,547.9271344,504.1199755
13,20400,78156,61164,36500,35180,45600,800,640.8,481.6,322.4,163.2,4,188.1235093,136.938637
14,15506,12596,32956,21904,26828,66660,10025,4780,2184,201,276,0,180.5103265,445.4288943
15,22647,20355,33740,23915,37086,66421,33519,4349,2454,948,874,0,1107.7628,955.6041211
16,18276,15926,34532,26160,28054,75280,17248,4900,2616,264,316,0,357.9458388,443.5808908
17,8014,14314,17808,11650,24300,47958,18408,6062,1956,24,530,0,10464.85312,511.6063932
18,14314,11586,33454,33976,48776,113872,7016,10700,1822,364,60,0,10282.57009,128.4895782
19,774,2726,23871,11869,19013,63226,40869,947,10255,23,9,0,2.419277937,24.59658933
20,4776,17132,17214,17825,29518,84549,34326,1686,7136,38,31,0,14.92531391,31
21,8305,7726,8300,6988,7460,24311,2706,5256,7695,4201,8076,0,8174.517224,8049.34372
22,9729,20552,12800,3748,4767,24248,3912,1360,1273,590,716,0,669.3433244,737.786785
23,16918,16382,31327,10499,16927,20545,27696,188,500,26,212,0,249.5220031,106.5496125
24,7754,6600,16488,10952,13414,33480,5012,2390,1092,100,138,0,164.3253147,184.3101347
25,11152,6743,20572,12724,15239,39154,9553,2343,1132,108,85,0,60.34797601,56
26,676,1139,8824,729,7294,55623,2223,812,255,97,306,0,296.3417641,472.231301
27,14121,8158,14939,7934,6596,29121,1027,1262,3620,9012,6827,0,6702.332279,6979.305589
28,6490,5658,13898,10518,12599,31262,4542,2038,1124,140,14,0,64.71672821,157.9619669
29,6254,6464,18440,15084,25725,36315,6564,2960,1637,507,68,0,100,94.54661008
30,4200,1276,2748,4880,9904,6254,1600,5540,9480,6740,4000,2,4095.534395,3871.688953
31,0,0,0,0,1300,8930,419,1280,2087,1715,3027,4,3155.821586,3003.975432
32,0,860,3830,160,4833,6773,1752,800,560,1561,2562,2,2507.241539,2455.777264
33,6180,11809,9239,11929,7367,16268,1880,369,143,43,130,0,440.8905461,174.8200722
34,4180,3766,7960,6483,6984,18452,4114,1225,645,66,67,0,20.69533499,66
35,2806,15551,11748,2992,5854,23956,2618,218,197,19,118,0,10149.96441,86.16852069
36,3914,3788,8311,6153,6931,18843,3386,1100,669,106,128,0,84.86384643,370.4137465
37,1581,4904,5448,4068,5373,22397,500,203,2429,1228,2108,0,2153.332566,2141.409168
38,1749,1714,1801,718,1284,8156,1740,262,134,71,8,1,1,1
39,2268,3217,7150,2970,3897,11602,2728,822,396,264.6666667,133.3333333,2,251.6157411,92.76595866
40,0,0,0,528,934,6546,399,4109,2555,2196,1088,3,1203.835114,1318.878174
41,6373,1944,2393,5381,1544,4542,2539,499,180,235,170,0,1,152.2155448
42,14858,7086,2992,5050,256,15706,3557,2800,482,3124,4302,0,4193.517053,4213.545107
43,2889,3156,9937,11017,19722,28037,5766,2960,1491,507,68,0,10051.33928,1
44,2810,2586,9330,10333,19214,25825,5730,2913,1491,501,251,1,448.0241372,237.3914292
45,3757,3296,8010,6035,6900,17719,2591,1195,566,54,69,0,10120.31301,66.04397339
46,2410,2956,8412,6449,7623,19053,4526,1213,571,63,70,0,73.07953759,1
47,2513,5928,4059,2255,2701,10699,1440,783,5833,5872,3714,0,13708.5919,3898.956111
48,100,1306,2512,130,5200,11834,7575,5054.333333,2533.666667,13,8.5,4,3,2
49,4987,670,4573,791,2634,3337,271,52,945,672,1312,0,1208.253795,1464.136534
50,3242,2775,7510,5398,6434,17778,2556,1041,734,136,87,0,80.54492004,199.1114003
51,3730,3361,7523,5419,6518,16614,2346,1195,525,48,62,0,56,81.30196928
52,5469,3697,9072,4480,18496,24274,1002,387,16,20,12,0,12,17.21456769
53,3729,2868,6941,4746,6064,16071,2346,1148,525,48,9,0,15,7
54,7522,2468,5000,7926,6230,15112,7342,478,142,12,20,0,23.14093755,87.87510422
55,5214,3176,8731,8954,9336,20413,2454,1521,736,96,73,0,96,121.2524762
56,3147,2853,6857,5230,5013,12952,2117,1195,330,48,68,0,68,1
57,3542,4422,4048,1202,3232,14927,600,1151,4332,1549,3837,0,3831.386239,3801.787328
58,3374,1515,4063,1808,2987,11684,2060,4922,4135,555,14,0,1,17.4571115
59,3182,2386,6282,4545,4560,12599,2117,1148,330,48,15,0,1,89.47652704
60,1911,1608,599,237,2349,10403,421,960,1106,700,1017,0,989.0687275,1026.455129
61,1230,1371,1471,686,1090,1707,312,156,486,443,529,0,459.7298416,575.9537112
62,1328,3632,1408,1184,928,4352,1824,1836,528,512,1760,0,1740.579834,1688.906012
63,1243,1888,3252,2081,2332,9741,2102,1069,548,233,353,0,324.5240486,389.6376513
64,5785,3605,4843,841,1367,7516,302,515,996,757,1784,0,1799.824236,1778.38716
65,892,2168,8406,3325,7770,26849,771,5,108,72.66666667,37.33333333,2,10045.27173,1
66,3297,1552,3970,1784,2952,11757,705,22,3,2,4,0,1,1
67,162,377,245,100,1317,21468,16591,8307.5,24,8,14,1,1,1
68,0,700,74,43.5,13,3297,1659.5,22,1108,1491.5,1875,4,1933.601295,1899.419196
69,50,57,400,156,5690,41450,2220,1140,60,33,6,2,60.01043054,35.0654394
70,3267,1515,3959,1784,2952,11602,505,16,9,2,2,2,70.52153232,22.5293299
71,1698,619,3645,584,1431,4772,937,712,1137,786,2006,0,1919.306806,2095.825842
72,816,772,1588,624,1258,7667,1742,932,326,218,110,2,108.6176233,1
73,1151,2127,4023,2156,2451,7734,1364,458,198,125.5,53,1,61.95464335,107.55451
74,4147,2671,3519,1837,3160,7620,4527,511,123,141,160,0,252.3830855,102.900455
75,57,2600.5,5144,871,3381,9731,178,154,130,4,3.5,3,1,2.321124334
76,4733,3633,7917,1914,7802,11153,701,195,147,99,51,3,52,117.8810209
77,1135,1952,3539,2330,2011,7182,1364,411,198,132.6666667,67.33333333,2,93.21760445,1
78,1892,2034,2096,2340,1564,4860,3800,372,36,80,124,1,10001,292.3563278
79,2880,1,78.5,156,5556,40856,2000,100,76,52,28,4,110.7632263,29.29650503
80,834,616,5044,9720,3920,27817,860,4128,785,126,6,0,4,2
81,788,616,5044,9584,3920,27823,860,4128,785,126,6,0,16.85476217,129.3785837
82,1799,2790,8471,3590,4283,7225,150,148,146,98.33333333,50.66666667,3,34.2474813,163.8197385
83,428,38,1766,120,6179,29848,409,200,150.75,101.5,52.25,3,10117.074,277.5229152
84,600,2294,8473,3611,4283,7345,370,258,146,74,2,2,1.5,1.5
85,0,1000,1300,810,320,3700,720,560,733.3333333,906.6666667,1080,4,1182.968734,1218.86434
86,2313,143,1474,419,487,953,31,52,348,133,144,0,124.6077659,175.3913648
87,0,0,0,2541,18236,24274,1002,387,16,20,12,3,15,15
88,818,790,7098,1402,6782,22745,11375,5,4.75,4.5,4.25,4,107.452811,70.03433374
89,788,616,5044,9584,3920,27823,860,4128,785,126,6,0,5.823850812,1000
90,3813,1594,2713,4125,3215,7590,4486,239,71,6,10,0,10,123
91,0,1000,1300,810,320,3700,720,560,733.3333333,906.6666667,1080,4,963.8215519,1032.790867
92,544,604,1410,628,959,3321,88,44,542,682,831,0,878.5213912,811.1436386
93,751,1106,2889,762,690,2766,496,176,137,98,59,2,117.3111027,385.6340564
94,129,86,262,438,614,21448,8114,3942,4554,11906,1304,2,1421.453092,1304.946969
95,1365,1265,1071,547,1803,2554,266,128,468,628,1737,0,1621.10737,1711.472714
96,192,50,48,2,58,30,30,30,30,4,3.5,3,11.44760687,82.46204876
97,596,54,1502,372,4492,4686,40,286,4,17,4,0,146.1494716,58.66021651
98,1066,2920,5549,2138,3324,1256,632,8,48,144,396,1,560.2699096,320.7855145
99,3051,1619,2709,245,850,2228,1139,50,276,1314,308,1,244.878094,232.1740893
100,773,696,935,28,900,3358,128,461,794,594.5,395,2,482.9904255,363.2739283
101,2598,1018,3987,3879,4441,9909,1227,737,368,48,10,0,20.22450404,27.18184568
102,36,10,52,110,168,2692,1980,1001,22,64,33.5,3,253.9305562,1
103,1058,1938,2732,1190,1377,3197,130,194,1216,700,288,0,158.0509107,432.2313284
104,678,1370,3034,1272,1141,4690,1229,282,198,132.6666667,67.33333333,2,1,233.396382
105,290,1069,1793,724,1159,3569,1725,130,260,174,88,2,232.9439214,58.94319846
106,0,0,0,0,11519,25083,2443,929,627,1515,65,4,1,186.3804621
107,192,50,16,2,58,30,30,30,30,4,3.5,3,31.8059121,1
108,1079,882,1382,985,1083,4513,1036,513,163,9,53,0,8.872687953,67.84619147
109,704,1168,768,208,144,1280,880,592,192,416,1504,0,11433.61466,1607.644386
110,641,1126,1444,369,851,1988,671,464,1172,952,353,0,266.5433989,532.9581894
111,76,644,916,372,476,1420,112,64,164,370,568,0,682.4278485,554.7636344
112,374,1827,1463,2017,1226,4886,771,154,278,560,322,0,190.9708676,397.9250629
113,259,209,502,249,166,860,163,37,415,112,271,0,410.3503154,238.4972849
114,3384,1888,2296,1613,2822,5263,4244,449,14,6,56,0,16.04330809,61.74618552
115,2715,1261,614,323,1083,1486,8,49,931,321,1744,0,1914.97477,1864.089033
116,651,535,658,429,823,3071,227,121,474,732,904,0,1112.700142,946.8496597
117,2355,2372,3283,1563,2346,5437,3881,293,14,6,62,0,62,7.993785405
118,24,1129,496,468,220,1028,840,926,120,136,272,0,148.0664167,391.2215607
119,1374,3614,2259,269,93,151,102,53,4,2.5,1,3,1,195.9037969
120,2452,1879,2701,896,1892,4894,3881,246,14,6,9,0,32.80930814,3.11480991
121,163,1424,2929,2049,1796,2745,22,96,292,112,111,0,208.793078,160.040987
122,322,1288,1027,103,68,2928,55,758.5,1462,1152,764,1,754.1776787,707.9592177
123,2809,1295,1694,938,2278,4718,4164,201,14,6,3,0,1,1
124,1969,975,2812,3238,3215,6145,707,737,126,48,24.5,1,82.83693749,1
125,184,1804,2438,1772,1317,3452,333,1375,846,941,925,0,973.6036576,804.4808638
126,110,1132,336,1461,5910.5,10360,22,10,160,40,50,3,99.55897084,1
127,3,200,821,50,195,1950,549,260,200,450,700,1,612.3064269,535.5442295
128,364,70,540,16,209,1108,98,29,268,449,825,0,603.5201212,999.9890534
129,2333,717,1053,2661,708,2131,1186,246,50,73,50,0,47.11976304,35.26962945
130,1452,695,1495,1386,2557,5620,2655,1361,67,20,21,3,1,14.06343638
131,112,196,488,156,224,823,36,6,24,15,2,0,32.29073342,54.47009597
132,139,25,8,1,29,15,15,15,15,2,2.5,3,2,2
133,105,1034,739,704,1924,3691,189,154,580,921,1034,0,11022.77296,817.9407606
134,2156,1471,1100,570,1074,8006,1000,927,500,1503,5042,0,4862.154233,4929.550754
135,266,60,140,288,2698,402,2,79,156,105,54,3,1,1
136,50,51,181,50,90,354,85,20,132,77,113,0,113.3354601,91.17976672
137,1139,1428,485,708,308,1112,20,345.5,671,40,478,1,10592.89055,240.3723519
138,83,1564,1535,1069,857,3816,66,318,764,767,1372,0,1326.420165,1168.600835
139,374,2051,344,18,44,18,34,37,40,204,8,1,142.7309418,48.93296696
140,740,823,612,446,826,1404,186,132,184,322,208,0,58.73688065,265.7904089
141,139,25,8,1,29,15,15,15,15,2,2.5,3,1,1
142,99,107,197,101,160,723,89,34,201,123,137,0,119.0863991,1
143,2386,1894,2795,4438,3544,1874,346,295,130,48,24.5,1,89.64897422,1
144,452,728,397,188,832,1733,343,69,444,807,116,0,188.1876183,20.10565134
145,12,39,344,1,717,347,119,100,1,20,3,0,61.55508609,1
146,50,620,635,10,350,900,345,240,95,180,185,0,118.7494521,207.3171786
147,958,744,875,402,80,1824,1463.666667,1103.333333,743,823,2011,2,2248.900599,1950.446545
148,139,17,8,1,29,13,13.66666667,14.33333333,15,2,2.5,3,34.50691633,1
149,426,338,1316,388,336,1676,98,120,302,464,654,0,548.8592908,823.6548272
150,425,425,432,369,420,1248,201,142,125,400,442,0,411.7572987,568.0722185
151,124,62,406,168,158,1140,250,24,170,112,54,1,139.3734455,95.9810927
152,1928,623,1320,1153,1429,5032,640,336,226,2,1.5,1,94.5215805,1
153,2309,589,1005,2639,657,1967,1116,239,4,6,10,0,101.4282938,139.3599221
154,953,943,686,1271,1378,4769,2916,1491.5,67,45.66666667,24.33333333,3,1,76.28634169
155,116,365,284,248,1252,783,201,212,602,394,292,0,377.8825527,202.7191101
156,1876,1039,2306,258,1112,3145,3516,200,14,6,3,0,10001,1
157,1582,1836,1466,844,1204,5526,243,713,453,3659,630,0,715.2385605,765.6599671
158,397,132,60,200,108,8074,324,260,196,132,68,4,10098.00609,24.93033641
159,8,1,80,56,32,40,24.5,9,14.5,20,12,4,11.67003394,9.632509867
160,2109,589,1005,2637,657,1967,1116,239,122.5,6,10,1,1,257.4458231
161,208,8,1200,45,4727,12440,1,200,150.75,101.5,52.25,3,194.7446918,14.25528349
162,48,110,128,56,118,338,196,14,92,136,80,0,139.571893,209.5199559
163,155,432,390,1330,322,646,157,607,1057,149,256,1,294.7353467,155.9821288
164,70,84,192,2252,850,4012,340,240,140,24,13,2,18.2669731,250.1347408
165,3799,1125,517,375.5,234,631,1,55,109,40,41,2,65.18688063,1
166,126,1284,2389,1833,2980,751,21,8,818,86,237,0,365.8981802,261.2072193
167,340,190,390,470,760,454,160,470,780,675,570,2,483.5935421,570.4160424
168,901,566,367,295,967,1203,4,11,402,278,93,0,145.8422837,236.313567
169,2082,486,947,2536,544,1841,1012,239,180,121,62,3,33.87317421,9.490428839
170,1612,325,750,511,1204,4982,126,77,1,550,3,0,1,1
171,315,529,902,389,551,853,107,99,275,237,360,0,304.9964227,341.5531056
172,509,18,392,291,2520,6389,286,41,1,1,4,0,32.12759709,1
173,340,1444,2703,632,2204,3681,73,608,322,36,19,2,50.87222147,1
174,0,0,0,16,130,680,80,30,74,48,150,3,138.3840343,126.761045
175,409,800,977,210,167,500,840,43,1765,137,131,0,48.2725468,1
176,0,1126,591,1353,1515,2555,383,253,377,295,801,1,747.0795915,910.4067332
177,651,441,461,1171,1172,3494,2199,1133,67,45.66666667,24.33333333,3,27.14653729,71.27416845
178,0,1194,610,1092,846,2424,197,392,413,898,834,1,752.3044644,796.9387664
179,272,340,573,269,592,656,256,12,186,523,188,0,180.2993031,302.6919192
180,0,947,998,812,1108,2777,57,96,634,589,568,1,519.791974,490.6115022
181,85,230,225,170,769,1353,172,80,503,60,430,0,361.6370716,219.5364005
182,762,696,2231,353,330,1026,762,6,31,26,19,0,41.15656772,54.02348526
183,65,133,183,351,195,1642,20,304.5,589,205,428,1,500.8032262,378.1482163
184,426,138,1268,16,234,1120,94,120,188,420,454,0,396.2115746,239.7671008
185,1270,969,1299,256,1001,3049,3412,1713,14,10.33333333,6.666666667,3,171.2762808,197.161177
186,134,15,5,16.5,28,12,13,14,15,2,3,4,34.99207497,1
187,66,52,101.5,151,890,1629,1599,997,13,26,39,3,219.2351662,95.02549307
188,480,80,777,310,629,3553,926,466,163,5,3,1,104.1741605,1
189,48,68,472,128,768,628,100,2,800,88,48,0,1,1
190,2780,1144,396,256,116,133,96,59,22,1,129,3,196.1055508,118.6114367
191,30,69,1475,223,349,1093,512,265,18,13,8,3,7.268677483,120.0473044
192,449,727,2423,945,544,700,447,65,21,14.66666667,8.333333333,2,32.03985253,169.8142508
193,449,723,2423,933,544,700,447,65,21,14.66666667,8.333333333,2,150.1035784,100.2593879
194,0,660,682,40,324,2184,346,24,136,8,220,1,73.45025903,155.2866835
195,213,70,634,8,117,560,47,60,94,210,227,0,411.7967698,128.2640909
196,789,982,544,210,215,3093,13,235,1273,2988,497,0,517.3083491,394.7248078
197,2516,2104,2431,631,124,1486,18,12,6,116,8,1,128.8874853,195.0027346
198,565,516,455,386,64,388,1062,107,16,34,70,0,125.1455567,133.8229376
199,296,156,236,82,572,986,48,32,660,148,254,0,174.926721,358.6632018
200,0,105,375,150,120,390,30,37.5,45,95,135,2,98,90.7229033
201,664,297,1526,865,1865,3712,409,305,201,101,1,2,43.84876752,1
202,525,546,2665,2727,1669,3508,460,401,36,2,2,0,10079.69393,1
203,332,107,40,28,14,112,34,50,66,82,98,3,103.0466443,98
204,2287,1296,794,659,565,3484,1003,122,89,4,2.5,1,2,2
205,0,416,287,1064,160,490,400,68,109,305,153.5,2,53.29180302,30.2649013
206,1306,1027,1726,834,512,2187,313,532,408,712,820,0,842.3654814,971.7822433
207,252,262,492,184,308,1562,268,68,576,333,216,0,81.43222029,240.0560461
208,218,274,256,146,186,476,50,24,42,378,288,0,356.2622829,198.2962935
209,299,267,353,179.5,6,86,138,96.33333333,54.66666667,13,20,3,1,77.87561399
210,535,202,508,185,50,1332,28,78,118,423,632,0,587.2449037,681.8802945
211,260,107,28,6,109,1141,888,26,321,17,3291,0,3464.470255,3073.272832
212,860,536,230,205,61,1144,282,200,34,357,572,0,726.1606315,609.7751634
213,192,716,1056,472,1092,576,471.3333333,366.6666667,262,299,336,3,287.4195856,437.3996573
214,276,150,130,164,716,1555,271,106,454,16,171,0,300.7074361,68.9899162
215,1251,748,449,630,1742,147,117.8,88.6,59.4,30.2,1,4,132.4191605,1
216,310,2418,1147,379,293,1005,1022,89,384,1678,253,0,10141.29026,302.1384384
217,20,54,88,286,8,726,104,78,52,36,20,4,63.52301385,129.5686054
218,312,490,160,204,254,731,314,452,60,52,184,0,252.7209546,179.8949616
219,1531,713,149,1003,1070,763,27,1521,91,516,69,0,225.881352,68.82602066
220,585,265,1043,172,1708,3619,353,2,201,134.6666667,68.33333333,2,64.61247239,1
221,0,0,0,612,1404,3500,459,648,779,665,798,3,695.8754776,769.775139
222,134,277,764,288,325,1427,124,55,233,146,138,0,294.3282355,145.6781523
223,0,0,506,22,106,682,68,804,84,14,70,2,70.57231434,61
224,40,136,176,32,40,250,8,8,50,162,68,0,180.8110003,112.3853167
225,128,194,179,56,71,439,16,76,146,272,110,0,94.62521835,52.96128234
226,65,5,2367,2727,1669,3546,415,401,1,2,2,0,1,1
227,10,14,44,204,30,32,4,4,4,2,4,1,13.38383613,54.34807105
228,42,234,392,126,213,343,1,36,55,74,225,1,461.8220892,115.0838933
229,680,760,1902,2050,1396,913,1184,948,712,476,240,4,182.230747,157.2920504
230,43,87,88,102,46,984,749,468,21,38,73,0,56.03943338,150.115503
231,121,311,363,232,373,748,1,21,216,325,228,0,185.1326491,183.7372198
232,83,207,256,110,275,875,41,27,86,116,510,0,384.2560693,519.7133424
233,1896,1151,386,348,64,659,22,53,48,67,86,1,57.23549719,1
234,1814,632,85,26,103,283,4,36,493,39,155,0,264.2711485,310.2048293
235,108,388,575,1128,792,3951,296,237.6,179.2,120.8,62.4,4,56,67
236,16,80,52,24,16,216,16,8,80,832,536,1,549.5831886,530.2605737
237,587,611,328,200,1201,44,66,88,110,13,40,2,109.3035801,155.1714772
238,1006,321,600,500,1204,4806,3,185.3333333,367.6666667,550,276.5,3,198.4264502,293.1677912
239,1006,321,600,500,1204,4806,3,185.3333333,367.6666667,550,276.5,3,149.2896039,294.3793595
240,0,0,765,782.5,800,8251,1152,725,194,98.5,3,4,1,338.6081251
241,680,760,1902,2050,1396,913,1184,948,712,476,240,4,211.3198828,220.4117375
242,441,98,1343,1070,230,1605,845.5,86,605,3660,75,1,189.4308022,218.2075604
243,0,0,0,0,516,1930,8,86,235,90,596,4,565.6650941,613.5404919
244,60,370,1102,490,500,962,50,22,215,40,120,0,61.31045319,2.00543784
245,210,196,395,160,500,770,130,60,240,190,200,0,161.7036901,104.9650918
246,680,779,1911,2050,1233,850,1184,948,712,476,240,4,181.4275184,427.9347958
247,58,28,168,93,18,140,101.3333333,62.66666667,24,10,7,4,15.28872017,1
248,2000,627,10,943,38,1033,5,86,153,31,16,1,1,1
249,0,507,667,850,18,242,408,447,336.25,225.5,114.75,4,260.1561286,311.679629
250,152,186,244,94,272,458,28,12,113,298,197,0,374.7725293,237.4564008
251,168,201,306,113,269,513,46,12,125,280,221,0,346.0083127,140.7386672
252,42,636,120,24,96,162,618,486,354,36,42,1,114.9326726,303.9700321
253,4,150,132,108,154,544,60,48,112,702,132,0,28.17475328,279.697634
254,88,221,627,470,655,3623,132,106.4,80.8,55.2,29.6,4,10001,32
255,48,32,60,88,608,1128,984,616,8,16,24,3,172.0658194,23
256,1545,1766,309,294,8,539,12,4,78,33,17,0,74.34304222,115.6410837
257,52,91,176,150,132,347,60,28,239,227,164,0,266.0177339,102.0526119
258,168,201,306,113,269,505,46,12,125,280,213,0,252.283297,286.0606347
259,16,92,220,108,160,348,24,24,110,56,132,0,241.8119808,236.1454622
260,0,0,54,64,74,3120,204,44,260,131.5,3,4,1,57.07182674
261,174,163,201,174,106,361,51,274,122,88,392,0,279.302848,560.0558945
262,595,125,75,78,119,593,85,11,63,67,58,0,10106.79069,246.9774807
263,956,21,600,500,1004,4686,4,4,4,4,4,4,201.3561101,1
264,70,103,66,65,105,702,111,33,236,122,168,0,234.7452146,481.3134201
265,59,97,132,154,148,395,63,28,186,231,171,0,10192.08747,182.1618189
266,12,16,34,52,206,360,492,304,4,8,12,3,108.0695989,1
267,216,599,1063,170,287,768,239,198,92,422,203,0,240.6408455,349.9024137
268,93,346,335,208,373,737,86,298,377,138,170,0,107.0616228,207.8253021
269,0,0,0,84,90,1545,3488,18,138,30,20,3,1,1
270,1909,1015,300,130,106,296,60,5,65,125,185,2,243.5099106,243.1424012
271,23,57,48,42,83,177,108,7,141,75,142,0,177.7930308,152.1965176
272,112,16,374,347,320,96,74,416,96,120,44,1,49.76591248,71.75891265
273,2016,501,70,31,152,241,227,213,199,11,4,2,1,20.55135313
274,19,155,681,12,90,355,27,13,23,100,98,0,93.36971556,125.2061067
275,364,692,1148,118,210,1595,100,45,32,19,6,2,1,1
276,55,95,68,60,120,369,72,29,124,67,59,0,120.4512818,1
277,1963,1094,314,554,493,3137,815,416.5,18,13,8,3,131.4392425,61.51332941
278,90,190,162,18,44,242,206,141.3333333,76.66666667,12,6,2,8.463819556,127.9747874
279,37,1127,670,783,614,2078,1085,92,81,70,59,3,155.794925,1
280,0,507,667,850,18,242,408,447,336.25,225.5,114.75,4,242.1358779,90.38657596
281,0,507,667,850,18,242,408,447,336.25,225.5,114.75,4,100.0200259,9.782844243
282,0,507,667,850,18,242,408,447,336.25,225.5,114.75,4,154.6046491,282.9691711
283,0,507,667,750,18,242,408,447,336.25,225.5,114.75,4,10157.45169,126.8910757
284,291,277,339,272,365,861,111,122,89,234,262,0,408.5591074,349.513914
285,52,91,112,150,132,331,61,28,177,223,164,0,287.1069426,69.18988592
286,0,552,282,12,48,472,280,10,8,92,280,2,230.6051932,383.302104
287,0,0,0,32,16,818,38,299,560,64,8,4,1,24.63427565
288,90,91,222,4,142,113,58,3,31,217,36,1,1,1
289,0,0,0,52,64,260,1,166,190,284,120,3,129.8419797,118.9165148
290,1569,605,928,864,42,263.5,485,295,226,1,1.5,2,24.32467819,1
291,53,185,343,231,285,829,58,45,93,111,539,0,620.3855455,532.2742708
292,0,300,200,100,450,1450,755,60,595,200,568,3,698.4337802,446.9420064
293,79,95,95,4,142,168,172.5,177,181.5,186,38,3,1,58.60590501
294,49,96,198,7,99,287,36,96,110,31,16,1,86.62277728,61.4095409
295,10,19,1027,44,3,356,394,200,6,6.5,7,2,25.06335581,81.86295919
296,574,755,107,112,383,1547,100,45,32,19,6,2,10,10
297,1711,643,109,454,492,3112,692,554.4,416.8,279.2,141.6,4,10114.15692,156.865
298,110,66,282,711,1140,2244,180,60,380,60,60,1,10155.83286,67
299,110,66,282,711,1140,2244,180,60,380,60,60,1,71.59053212,115.0761704
300,0,75,446,80,111,223,149,75,1,66,118,3,127.3691261,4.901756102
301,11,1,89,4,14,491,130,58,74,34,219,0,314.5723423,324.3797379
302,1295,200,111,162,636,1421,463,200,150.75,101.5,52.25,3,95.42540428,1
303,1293,200,111,160,636,1421,463,200,150.75,101.5,52.25,3,54,67
304,10,8,6,20,37,61,3,7,11,12,8,1,5.866561794,5.649142947
305,60,308,279,100,118,3495,923,44,260,132,4,1,95.78534336,134.2852467
306,2,6.5,11,15.5,20,116,61.5,7,28,104,1,4,14.96161093,1
307,21,1035,3571,2467,50,11,91,73.6,56.2,38.8,21.4,4,1,1
308,736,128,33,153,12,120,295,152.5,10,8.5,7,2,1,1
309,550,341,224,123,4,124,875,129,91.33333333,53.66666667,16,2,14,63.15604461
310,24,292,316,200,192,604,24,48,72,296,108,1,138.8839906,107.061244
311,8,156,36,65,62,122,178,101.5,25,17.66666667,10.33333333,3,1,64.94262767
312,65,75,744,258,24,595,3,36,203,100,280,0,190,343.3233065
313,206,216,263,247,322,800,112,110,78,228,303,0,393.4770422,232.8989052
314,128,116,151,110,145,373,79,35,42,73,67,0,194.3998937,17.27204173
315,10,19,1029,44,3,234,392,231.5,71,36,1,2,132.9736,1
316,0,332,578,485,784,558,34,79,1087,99,159,1,1,92.97209362
317,308,158,616,457,298,876,4,3,4,100,319,1,264.6502816,281.966468
318,11,50,50,284,518,3269,54,384,6,36,12,1,18.48467933,156.5162893
319,58,22,118,12,74,66,12,8,26,18,22,0,11.7823271,37.56410923
320,149,39,90,60,87,340,241,18,310,121,68,0,1,162.0808851
321,328,391,410,281,340,506,78,42,50,171,86,0,266.8729014,1
322,0,1,1,6,17,16,32,48,64,19,40,3,22.56290848,75.08900726
323,34,65,1083,49,68,1618,88,111,50,90,122,0,158.6380351,1
324,24,55,48,22,51,158,70,7,46,67,40,0,55.89224725,1
325,593,900,437,404,371,1557,116,89.5,63,43.33333333,23.66666667,4,10001,1
326,0,92,88,96,76,408,8,16,48,164,118,1,116,136.2500855
327,508,40,805,12,1053,2899,229,215,201,135,69,3,80.16360277,155.312957
328,5,2,3,10,17,4,3.333333333,2.666666667,2,2,3,4,6.835652955,8.383436265
329,139,17,8,1,29,13,13.66666667,14.33333333,15,2,2.5,3,1,1
330,538,404,509,480,239,1296,655,14,92,104,121,1,123,167
331,361,176,105,66,174,418,126,36,76,81,79,0,80,80
332,0,18,31,1,19,127,89,51,13,2,9,3,1,1
333,494,352,298,564,396,1974,148,119.2,90.4,61.6,32.8,4,1,172.6470413
334,129,1260,875,797,1136,855,862,47,49.33333333,51.66666667,54,2,91.20544547,1
335,400,496,817,1370,31,1878,312,700,65,63,32,1,23.78287986,132.6241988
336,60,132,82,45,60,109,90,1,45,113,45,0,10001,133.4042253
337,0,171,198,173,422,1037,253,55,93,399,217,1,165.1114754,95.19528565
338,79,208,245,430.5,616,138,210,154,236,318,55,2,1,173.0075426
339,445,294,233,176,164,109,6,2,6,22,56,0,40,41
340,169,157.5,146,151,156,513,19,19,19,60,46,3,1,222.7975557
341,4,1769,3534,8,4,52,34,16,16,10.5,5,3,5,5
342,254,134,465,33,17,195,124,65,6,6,6,2,10027.06485,6
343,0,36,74,63,52,486,184,104,50,74,214,2,173.9488993,280.8561443
344,138,213.5,289,20,272,283,6,18,20,8,195,1,138.1853776,100.3025916
345,365,190,132,39,2,476,46,100,6,251,185,0,161.5021476,58.73994971
346,44,257,137,63,91,129,406,62,244,18,37,0,10083.28849,23.10283398
347,86,40,350,127,131,149,16,14,116,346,80,0,151.5241778,1
348,18,28,16,24,14,2442,1868,1294,720,481.3333333,242.6666667,4,286.1235198,160.7249232
349,208,1208,820,400,4,12,2860,2288.8,1717.6,1146.4,575.2,4,580.9642584,774.8493959
350,203,443,704,138,382,477,48,234,163,557,174,0,241.3694588,330.5294541
351,154,248,256,184,312,398,14,8,192,128,120,0,10120.4278,81.724626
352,0,0,0,0,48,3101,54,388,6,36,12,4,1,1
353,840,210,315,283.5,252,36,105,266.5,428,286.6666667,145.3333333,4,10302.09034,340.182186
354,0,137,24,186,171,288,67,80,93,45,136,2,140.4134916,150.5678535
355,45,192,100.5,9,103,34,30,2,8,6,82,1,93.19399653,61.60861307
356,0,49,261,154,250,714,261,38,183,19,1277,1,1270.043208,1157.817564
357,4,5,3,16,12,26,3,4,5,12,20,1,21.42463682,47.66891208
358,17,21,48,560,372,994,85,60,35,6,4,2,4,4
359,114,206,254,520,604,208,250,1,1.5,2,2.5,3,2,154.3908584
360,76,122,598,134,79,494,25,37.5,50,4,17,1,20,20
361,23,592,608,684,503,730,36,47,8,6,69,0,116.8431103,1
362,136,218,189,139,154,236,37,23,28,84,39,0,41.13936774,226.620001
363,324,279,98,138,303.5,469,149,100,24,106,335,1,473.0576238,291.4586027
364,36,75,458,190,164,170,100,30,281,42,92,1,74.9410383,73.4332613
365,67,331,638,133,4,180,857,431.5,6,6,6,2,91.31005681,1
366,118,616,514,208,34,486,1436,10,343,12,16,0,1,21.31538027
367,396,265,1192,176,179,474,136,132,18,5,3,1,228.2312118,45.38784653
368,0,777,498,38,12,35,2,46,90,134,58,3,71.06013221,76.28868609
369,42,122,184,84,92,282,8,12,46,66,120,0,110.9777486,73.13699751
370,42,122,184,84,92,282,8,12,46,66,120,0,137.7362456,245.4043035
371,54,462,11,696,176,2017,41,33.6,26.2,18.8,11.4,4,1,16.29695099
372,0,0,0,0,122,1752,48,4,980,1374,48,4,35.72275319,55.26267696
373,1742,138,13,30,3,41,22,18.4,14.8,11.2,7.6,4,1,65.3301433
374,0,0,1,26,51,405,47,63,30,111,191,3,228.2488229,133.5565002
375,307,629,366,382,198,1145,176,20,65,44,23,2,34.29949998,114.4736078
376,75,185,195,110,47,26,21,16,11,6,5,4,1,76.30056741
377,96,84,66,52,192,476,84,29,148,64,76,0,7.826764735,1
378,264,156,1466,16,8,264,90,47,4,28,15,2,10008.39891,123.1205838
379,0,0,654,355,56,50,225,400,392,104,242,4,490.1224286,505.4990782
380,4,5,3,16,12,26,3,4,5,12,14,1,5.802196467,17.91814016
381,65,67,124,30,542,721,34,23,12,36,22,1,44.99864149,49.45522971
382,190,168,20,152,10,396,8,14,20,30,11,1,36.96833548,1
383,137,492,799,306,157,941,272,147,90,60.66666667,31.33333333,2,30.70849104,46.37150542
384,137,492,799,306,157,926,272,147,90,60.66666667,31.33333333,2,1,98.82041375
385,374,335,171,126,187,100,6,5,4,7,4.5,2,205.608534,40.05290191
386,120,260,140,190,171,40,53.33333333,66.66666667,80,54.66666667,29.33333333,4,32.81556083,1
387,62,165,1024,84,96,220,46,224,39,16,40,0,36.91743437,40
388,373,288,65,60,44,164,222,640,308,163.5,19,1,50,124.7067914
389,1,57,37,55,81,2521,9,10,32,18,81,0,1,111.1829853
390,422,419,108,147,21,1617,1094.666667,572.3333333,50,14,44,2,1,106.3442069
391,17,21,48,560,372,994,85,60,35,6,4,2,4,4
392,20,16,158,18,505,992,664,336,8,29,16.5,4,17,17.158976
393,290,50,921,21,13,241,117,94.4,71.8,49.2,26.6,4,30,30
394,115,2,1.5,1,357,713,600,487,374,40,328,4,250.0947115,367.5075148
395,301,404,456,347.5,239,94,21,177.5,334,513.5,693,3,718.2745592,809.5804806
396,34,26,57,13,108,454,24,15,39,25,67,0,50,79.21263909
397,498,35,19,11,3,106,160,129,89.33333333,49.66666667,10,2,48.68800557,1
398,1096,202,5,292,1345,697,398,319.2,240.4,161.6,82.8,4,10020.86195,1
399,60,30,30,318,302,344,34,80,126,96,30,1,10091.97177,40
400,0,1,326,115,35,37,1,2,342,167,87,1,152.1098744,1
401,0,134,294,59,224,566,120,100,80,40,75,2,173.3579122,4.915910453
402,200,200,878,2,1448,1714,73,308,231.75,155.5,79.25,3,133.0558346,87.32699957
403,20,38,287,20,24,49,87.66666667,126.3333333,165,115,6,2,10015.1978,124.1525581
404,5,35,18,22,47,33,1,5,9,19,6,1,8,7
405,190,50,921,21,13,141,117,94.4,71.8,49.2,26.6,4,77.09473668,91.82471049
406,32,67,102,59,16,24,8,48,16,8,12,2,17.46744204,1
407,119,85,234,111,100,466,142,81,52,8,29,0,36.78562336,21.16162141
408,10,56,110,46,62,180,8,12,24,55,76,0,55.48165806,18.85444436
409,50,29,83,2,15,83,48,1,1,2,3,1,3,2
410,160,286,276,262,280,340,237.3333333,134.6666667,32,67,102,3,261.1645315,207.2869429
411,22,144,66,96,139,121,116,608,12,10,16,0,10073.7822,16
412,7,63,108,36,50,144,15,10,15,33,59,0,147.1828907,161.663233
413,897,54,433,26,83,469,62,50.4,38.8,27.2,15.6,4,1,1
414,0,0,226,114,2,188,16,8.5,1,4,34,4,80.60525153,79.1727165
415,132,88,385,168,394,100,98.66666667,97.33333333,96,82,68,3,117.6638854,45.04084849
416,100,24,72,46,293,114,83.33333333,52.66666667,22,29.5,37,3,115.4919042,19.78231585
417,72,193,238,151,655,644,21,17.6,14.2,10.8,7.4,4,1,163.7128404
418,156,891,615,300,3,9,2733,2187.2,1641.4,1095.6,549.8,4,10574.04997,368.9781722
419,156,75,69,153,460,767,130,66,2,204,103.5,3,77.05655791,73.20440377
420,112,40,88,24,78,272,416,152,168,56,196,0,108.5866004,264.1927424
421,617,2,153,1,1.5,2,135,73,11,2,1,2,1,87.56859744
422,268,198,676,8,60,677,2,6,74,106,116,0,254.102549,190.6263203
423,33,25,10,8,78,135,5,9,5,15,8,1,8,5
424,682,22,111,86,545,198,48,222,396,200,55,1,20.47383077,1
425,48,81,132,48,64,192,108,24,36,48,25.5,3,8.951986887,79.97858588
426,493,32,10,11,57,103,160,129,87.33333333,45.66666667,4,3,56.56385928,109.46082
427,453,493,582,681,454,543,295,47,49,51,53,3,1,1
428,346,143,35,111,10,584,24,1,50,34,18,2,80.48932167,176.4834848
429,0,0,32,21,10,232,70,35,46,21,103,3,44.22716612,87.45589296
430,0,24,166,206.6666667,247.3333333,288,4,38,16,26,44,3,1,46.47763679
431,202,106,43,28,18,46,24,2,2.5,3,3.5,4,11.7241529,1
432,63,93,95,33,13,14,10,6,2,4,6,3,1,1
433,1,16,31,563,206,992,85,60,35,24.66666667,14.33333333,4,1,1
434,371,44,63,62,77,567,82,11,58,55,38,0,127.1708644,1
435,22,29,111,15,10,151,24,19.5,15,10.5,6,3,1,1
436,105,83,85,73,104,410,80,32,140,79,63,0,1,1
437,111,48,20,10.5,1,24,13,2,7.666666667,13.33333333,19,4,1,1
438,200,112,78,21,13,192,123,77,63,17,18,0,15.96802274,10000
439,371,44,62,62,47,567,82,11,58,55,38,0,50.67860153,21.05870514
440,24,22,20,74.66666667,129.3333333,184,138,92,124,440,4,4,4,230000.6905
441,153,111,133,140,114,236,31,22,70,44,87,0,94.03417094,65.77055859
442,3,20,114,16,17,16.5,16,61,106,50,24,2,59.286319,1
443,52,68,72,20,12,12,32,24.5,17,28.5,40,2,52.7294193,31.35727781
444,107,122,106,58,78,188,13,8,5,56,72,0,1,117.2147963
445,36,43,63,60,82,146,10,15,125,165,67,0,72.82438821,172.1874803
446,0,140,152,198,140,350,189,28,74,50,44,2,105.7191452,21.47962374
447,303,300,1552,1003,510.5,18,1,3.5,6,8,5.5,3,74.01441,1
448,76,39,114,61,373,508,118,19,107,66,201,0,0.573650205,237.2670084
449,21,1,171,51,177,435,4,103,202,25,27,1,1,24.1207618
450,0,6,71,127,50,405,76,18,73,101,121,1,1,147.1128509
451,110,56,2,8,2,46,102.3333333,158.6666667,215,115,6,3,1,3.249397911
452,376,326,130,122,372,480,56,6,18,68,16,0,14.84588689,123.3306021
453,134,89,258,91,119,565,968,7,45,12,14,0,1,133.7089944
454,0,0,4,9,6,15,1,2,3,11,18,3,14.85794422,10.72864131
455,324,202,480,105,60,314,50,35.5,21,2,2,2,1,122.8564832
456,138,73,167,124,158,150,14,13,32,150,39,0,1,1
457,2,117,114,111,297.5,484,11,1,50,34.66666667,19.33333333,4,109.9320362,1
458,56,8,111,135.5,160,32,20,34,48,60,22,2,1,68.48512626
459,3,6.5,10,13.5,17,26,15,4,14,19,13,4,17.50777751,1
460,44,1056,439,450,56,973,677,381,85,58,31,4,1,1
461,3,10.75,18.5,26.25,34,36,18,8,26,32,12,3,7.442963984,1
462,21,42,62,12,28,16,11.33333333,6.666666667,2,2.666666667,3.333333333,4,1,38.9031042
463,0,28,513,110,129,639,18,14,16.66666667,19.33333333,22,3,89.94438036,138.4442533
464,80,58,222,159,112,404,28,17,6,37.5,69,2,6.355393809,1
465,20,38,159,42,54,18,15.5,13,2,8,107,1,78.88438546,97.8870467
466,0,16,16,16,16,160,32,32,18,112,112,3,77.93473423,60.09090511
467,23,79,98,35,54,139,11,6,15,34,55,0,67.07610139,46.24544032
468,123,155,307,110,278,269,14,96,73,1,2,0,138.715018,1
469,73,95,194,81,108,513,111,32,148,87,61,0,91.43557094,31.69656344
470,168,302,217,102,2,96,924,20,65,6,15,0,1,1
471,168,302,217,102,2,96,924,20,65,6,15,0,106.2049763,1
472,20,58,187,52,79,433,119,22,105,107,96,0,10001,1
473,80,64,128,72,64,104,90.66666667,77.33333333,64,44,24,4,38.54396772,22.09644139
474,12,78,234,100,100,202,10,4,50,8,24,0,19.20966101,1
475,74,67,140,24,172,320,230.3333333,140.6666667,51,132,17,3,40.60643663,1
476,0,0,658,296,326,356,3,3,3,18,9,4,10001,10.04429127
477,106,40,179,371,228,500,272,44,46,48,50,3,138.9434975,205.8497526
478,44,64,103,16,64,145,36,18,42,30,12,0,1,21.3856078
479,46,24,86,8,252,1102,825.3333333,548.6666667,272,140,8,3,36.54613345,1
480,20,610,3,110,150,1526,785.5,45,34.75,24.5,14.25,4,78.43104126,1
481,27,48,272,17,40,174,99,24,36,48,25.5,3,57.15215613,11.94829674
482,8,50,90,68,38,319,6,6,30,334,20,0,100.2287904,1
483,20,86,6,20,116,102,8,8,400,8,8,0,32.53910423,1
484,10,35,16,32,16,40,200,136.3333333,72.66666667,9,6,3,10001,1
485,198,121,74,44,86,253,61,22,66,46,57,0,161.6693494,172.9458919
486,3,13.5,24,2,30,15.5,1,14.5,28,18,1,3,4.907460494,16.03207128
487,970,30,1108,85,43,1,1,1.333333333,1.666666667,2,8,3,1,176.5804212
488,58,22,118,12,50,66,12,8,26,18,22,0,41.13146184,8.664472563
489,52,450,612,246,455,546,715,47,49,51,53,2,18.43826394,1
490,0,0,0,0,221,823,34,26,52,122,510,4,550.0451499,350.4124837
491,29,42,58,6,7,8,6,4,2,2.666666667,3.333333333,4,3.043489713,20.78523959
492,184,228,102,89,59,50,1,1.5,2,1.5,1,2,29.59245733,80.62287923
493,80,72.5,65,56.5,48,48,34.33333333,20.66666667,7,20,10,4,1,51.87672968
494,48,74,117,46,60,236,10,8,48,26,42,0,40.77047443,66.31301467
495,560,140,805,12,1056,6,229,215,201,135,69,3,106.1658645,109.4838213
496,247,176,149,282,198,987,74,60,46,32,18,4,1,1
497,247,176,149,282,198,987,74,60,46,32,18,4,1,1
498,247,176,149,282,198,987,74,60,46,32,18,4,10001,69.11063517
499,46,16,103,10,94,178,80,65,50,35,20,4,3.367300979,13.48230058
500,1,15.5,30,560,142,771,76,55.5,35,24.66666667,14.33333333,4,1,117.6017341
501,101,40,21,15.5,10,161,82,3,45,135,60,2,159.4829358,29.96563463
502,47,32,44,15,78,24,28,32,45.33333333,58.66666667,72,3,38.24120004,61.74481856
503,324,189,449,100,27,286,177,122,50,34,18,2,1,136.5458877
504,191,163,69,65,186,240,28,3,9,35,10,0,1,1
505,77,88,89,105,90,431,48,44,30,15,2,0,152.8241572,178.2251653
506,150,79.5,9,58.66666667,108.3333333,158,200,250,147,12,76,3,129.7501501,1
507,0,86,943,162,576,410,97,39,39,50,108,1,74.20471115,13.17765658
508,487,68,19,146,69,209,121,33,100,2,2,2,1,50.80566956
509,0,46,79,16,60,397,24,24,24,12,53,2,95.19305679,72.68776828
510,46,84,101,32,97,211,29,4,72,48,74,0,1,31.57119854
511,28,8,42,37,32,100,79,58,31,4,4,3,1,25.56426637
512,13,21,9,4,59,97,5,2,18,16,12,0,1,1
513,12,58,178,10,85,237,4,21,38,17,27,1,1,150.5507648
514,162,108,54,52,9,24,24,24,24,8,12,3,1,109.4895857
515,0,260,397,61,360,659,2,178.6666667,355.3333333,532,56,4,62.61939573,35.09485386
516,1,8.5,16,21.5,27,332,200,162.5,125,67.5,10,4,104.7884732,1
517,538,137,255,30,128,232,184,136,88,60,32,4,1,1
518,1,493,582,673,454,543,295,47,49,51,53,3,1,95.59249142
519,1,493,582,673,454,543,295,47,49,51,53,3,152.8037162,289.555247
520,182,85,84,72,24,54,12,18,24,27,30,2,52.94130185,61.13904901
521,1,493,582,673,454,543,295,47,49,51,53,3,140.7461522,21.04720232
522,1,493,582,673,454,543,295,47,49,51,53,3,29.33369454,18.4947617
523,1,493,582,673,454,543,295,47,49,51,53,3,170.802497,61.07760122
524,1,493,582,673,454,543,295,47,49,51,53,3,1,219.169473
525,1,493,582,673,454,543,295,47,49,51,53,3,34.67510406,143.6724477
526,1,493,582,673,454,543,295,47,49,51,53,3,215.6428074,222.808865
527,1,493,582,673,454,543,295,47,49,51,53,3,31.59000631,72.93153656
528,1,493,582,673,454,543,295,47,49,51,53,3,98.06902223,1
529,1,493,582,673,454,543,295,47,49,51,53,3,168.9202521,1
530,2,56,112,58,58,226,8,12,20,64,72,0,123.5224768,134.7445649
531,2,56,112,58,58,226,8,12,20,64,72,0,1,62.54983866
532,27,95,143,282,198,987,74,60,46,32,18,4,82.25718613,50.85615756
533,71,38,57,32,46,191,77,11,58,55,38,0,10016.07856,22.60897242
534,261,4,93,190,1167,613,337,270.4,203.8,137.2,70.6,4,1,100.8609848
535,44,98,56,16,28,156,22,4,44,16,96,0,16.93809012,142.8086378
536,0,1,72,115,25,37,1,2,427,84,85,1,98.31894055,1
537,50,550,99,149.5,200,1070,3,185.3333333,367.6666667,550,277,4,162.8393211,46.29196267
538,4,16,1302,32,19,99,70.66666667,42.33333333,14,19,60,2,66.06981402,1
539,326,189,449,100,17,272,50,40.8,31.6,22.4,13.2,4,10001,1
540,597,350,103,103,82,493,23,56.5,90,53,16,3,276.0358624,228.1891321
541,12,58,72,10,23,228,124,1,30,19,54,0,10147.00904,51.39290018
542,0,12,134,145,227,457,5,73,72,74,190,1,165.0577402,153.3009502
543,498,89,11,181,6,76,64.25,52.5,40.75,29,1,3,10001,1
544,76,29,174,6,28,50,38.5,27,35,104,23,2,1,15.60275201
545,113,150,600,370,290,1152,64,52,40,28,16,4,1,1
546,324,189,449,100,15,272,53,43.2,33.4,23.6,13.8,4,155.5611287,1
547,114,210,142,498,332.5,167,10,55,100,68,36,4,1,1
548,1,17,4,4,23,12,4,3.333333333,2.666666667,2,2,2,3.431505003,12.76208255
549,231,63,61,49,16,79,4,6,8,13,10,1,18.20104636,42.89728111
550,0,28,184,36,50,334,60,4,46,14,44,1,6.522519149,100.8604555
551,0,112,216,48,108,438,24,48,30,42,234,1,221.2947292,194.4544507
552,27,95,141,282,198,864,74,60,46,32,18,4,1,56.21146499
553,100,100,1015,67,152,130,201,102,3,8,5,2,1,1
554,287,431,509,82,41,392,7,25,15,27,14,1,5.386004082,1
555,24,45,28,8,28,126,70,7,46,64,21,0,11.76166123,23.28769006
556,61,30,11,4,119,10,1,8,6.75,5.5,4.25,3,1,2.397147538
557,293,96,34,71,2,277,16,100,149.5,199,185,1,229.0657891,180.9920776
558,54,42,11,4,30,42,103,18,813,27,6,0,1,38.89461461
559,0,198,537,63,299,236,10,75,55,32,24,1,10001,161.7711065
560,0,103,138,119,144,108,25,24.5,24,82,84,2,74.60829334,153.0294114
561,332,189,46,49,43,118,13,70,127,12,43,2,77.74832596,1
562,101,94,113,97,136,316,26,47,26,62,89,0,25.42031278,55.89375732
563,0,28,182,14,50,298,58,4,46,6,44,1,68.00195242,132.2947005
564,24,36,114,140,166,192,16,51,86,48,25,3,28.78442536,1
565,221,230,441,12,108,85,43.5,2,6.333333333,10.66666667,15,3,1,1
566,209,68,199,35,19,36,24.33333333,12.66666667,1,2,3,4,37.40831002,65.9006004
567,0,0,0,54,49,266,2,27,6,13,20,4,51.97537915,82.77377829
568,0,21,297,573,159,68,170,94,18,116,214,4,173.4676609,223.2910953
569,0,0,70,37,28,215,65,43,55,26,108,2,160.5743495,80.52617085
570,10,80,150,36,41.5,47,43.5,40,158,83,8,4,85.98047497,121.5733557
571,22,51,162,10,25,70,43,20,25,2,57,0,5.06022441,116.6606191
572,110,2,95,11,182,184,69,109,58,7,23,1,1,103.9114167
573,6,22,42,2,6,10,17,24,24.5,25,17,3,16.6854297,72.86530555
574,0,0,0,55,134,213,3,36,66,73,190,4,196.7381794,174.3923286
575,0,0,111,51,81,515,97,44,150,90,70,2,1,151.0151653
576,0,26,23,100,9,97,25,53,22,25,98,1,43.61080032,52.58172463
577,48,62,87,58,128,175,49,32,55,37,87,0,90.08503724,179.1313323
578,33,55,52,58,61,219,20,27,30,44,63,0,44.37589022,76.73297768
579,239,193,95,180,259.5,339,108,100,81.5,63,94,2,165.1484157,4.390561569
580,4,70,70,26,30,96,14,4,6,6,34,0,10001,119.6358384
581,52,312,219,100,1,95,818,20,65,33,1,1,177.6267996,1
582,107,122,106,58,78,188,13,8,5,56,72,0,176.2479662,1
583,0,0,0,34,180,652,106,106,76,208,249,3,166.3965042,234.6198526
584,0,40,12,28,20,251,24,24.5,25,12,61,2,1,74.04268598
585,4,5,3,7,66,11,2,2,2,1,2,1,7.061489378,1
586,0,3,28,53,318,6,28,300,5,4,3,3,1,1
587,10,8,32,8,4,2,24,8,16,11.33333333,6.666666667,2,11.95367592,1
588,0,0,0,0,62,477,42,60,76,69,113,4,10.56937219,203.1256915
589,490,66,5,2,1040,367,120,96.8,73.6,50.4,27.2,4,1,151.0028573
590,155,34,26,19,58,208,51,13,41,37,25,0,90.54462109,43.46250224
591,2,49,77,16,34,387,64,3,13,4,23,0,1,1
592,159,128,212,50,34,556,19,16,13,10,7,4,1,5.36068617
593,106,90,84,52,98,442,67,22,70,156,61,0,119.4937326,1
594,11,138,445,5,14,81,1,2,15,22,37,0,102.8747997,121.1500917
595,33,28.5,24,22,28,71,3,10,60,65,6,1,1,1
596,139,7,28,3,77.5,152,108.3333333,64.66666667,21,18,11,4,2.537675362,77.23661305
597,7,42,53,27,35,123,9,4,10,23,47,0,34.55418689,49.40206408
598,66,45,125,20,32.5,45,10,20,30,21.33333333,20,4,15.98890749,1
599,4,30,74,34,44,94,6,6,12,14,52,0,27.96519665,33.7163168
600,10,25,129,11,18,68,15,3,18,42,23,0,46.75939506,1
601,493,32,10,2,52.5,103,160,129,89.33333333,18,10,3,1,1
602,65,43,93,74,101,58,108,16,12.75,9.5,6.25,3,10001,36.8307909
603,36,38,54,57,72,135,9,15,123,164,54,0,64.80095385,1
604,0,0,12,4,59,174,18,33,49,49,62,2,1,1
605,8,6.666666667,5.333333333,4,13,23,28,18,8,7,5.5,4,2.528760373,1
606,95,125,69,9,33,5,8.333333333,11.66666667,15,11.33333333,7.666666667,4,13.84963172,1
607,40,20,8,4,24,191,154.4,117.8,81.2,44.6,8,4,30.4444822,4.938819518
608,111,1,66,210,308,225,177.3333333,129.6666667,82,24,3,2,92.6102077,143.9104688
609,88,54,41,17,13,141,123,77,1,2,3,1,1,101.5247373
610,88,54,41,17,13,141,123,77,1,2,3,1,1,1
611,77,140,124,106,105,66,49.75,33.5,17.25,1,2.5,4,78.23694387,79.77384121
612,20,38,36,16,20,18,17.33333333,16.66666667,16,24,32,3,43.45550007,30.40559074
613,36,80,84,16,112,136,16,28,40,29,80,1,49.14197233,90.52541278
614,0,8,2,7,12,260,40,4,28,4,92,2,81.81198677,2.947331555
615,108,114,115,112,99,283,16,1,37,25.33333333,13.66666667,2,1,1
616,0,0,104,30,34,370,103,20,75,87,49,2,2.792202657,141.4005752
617,27,84,122,21,69,883,20,16.8,13.6,10.4,7.2,4,1,1
618,40,52,80,43,47,61,12,133.5,255,32,35,1,66.40554302,1
619,0,0,14,21,28,31,12,31,50,12,8,4,16.87745817,46.78386667
620,0,0,0,19,127,614,113,86,59,110,220,3,238.2511105,174.7154002
621,0,30,50,100,95,320,190,60,115,116.5,118,3,1,154.5982009
622,52,312,219,100,2,95,716,2,65,33,1,1,10156.48148,76.37903771
623,0,0,0,0,100,479,85,53,80,51,65,4,60.04052062,1
624,20,80,20,72,56,40,756,590.5,425,259.5,94,4,53.1434564,157.2616388
625,42,52,63,45,48,258,68,16,61,41,26,0,1,60.57809308
626,52,68,72,20,12,12,32,24,16,28,40,2,1,71.48179789
627,2,68,3,63,7,109,3,3.5,4,24,46,1,1,91.86704629
628,55,302,285,100,2,3,715,572.8,430.6,288.4,146.2,4,213.8436934,50.44372506
629,0,1,134,231,134,87,196,85,34,45,23,1,22.21289675,1
630,134,136,138,24,40,798,25,13.5,2,1,8,2,90.19575852,1
631,0,0,1,33,49,178,33,24,50,57,143,2,25.22688341,96.72755184
632,0,50,25,3,27,115,30,26,30,32,37,1,54.8066631,1.39347326
633,52,302,217,100,1,85,715,2,65,44,23,2,1,1
634,52,302,217,100,1,85,715,2,65,44,23,2,1,205.8861732
635,58,84,115,112,99,281,16,1,37,25.33333333,13.66666667,2,77.51439173,113.0858181
636,28,72,46,10,26,78,10,4,16,6,32,0,25.88798786,84.18145645
637,6,8,14,13,12,156,28,4,10,118,146,1,10136.28123,160.2770668
638,0,21,8,10,17,555,383.3333333,211.6666667,40,68.5,97,4,116.7929923,153.192651
639,232,80,114,46,5,1,2,4,3.75,3.5,3.25,3,34.25851615,1
640,0,46,14,2,30,77,25,19,26,23,31,1,61.68426439,52.61517272
641,0,36,23,10,54,50,1,32,10,41,22,3,13.1493535,21.61428839
642,0,516,258.5,1,455,6,3.5,1,28,21,14,4,1,134.3914347
643,0,0,73,48,14,150,65,37,20,26,95,2,51.20583035,108.4930689
644,16,24,38,4,10,31,25.5,20,14.5,9,6,3,17.42716028,1
645,0,148,407,146,454,543,295,47,49,51,53,4,1,33.34893976
646,0,148,407,146,454,543,295,47,49,51,53,4,1,71.4665047
647,18,25,41,23,79,159,15,13,58,17,55,0,85.1885952,16.06577288
648,2,35,10,81,34,176,14,30.5,47,48,5,1,100.0183287,32.91694015
649,0,148,407,146,454,543,295,47,49,51,53,4,132.6664455,93.84417471
650,28,312,143,6,20,193,194,195,15,38,15,1,10001,5.428300341
651,0,287,256,89,122,341,17,84,71,103,104,1,235.4257278,89.08913904
652,19,31,32,60,116,81,44.5,8,67,27,66,1,76.40584956,84.83420279
653,17,16,51,4,16,41,23,1,8,13,312,0,231.9932434,359.5156031
654,0,12,92,14,44,278,48,56,64,12,30,2,1,89.61685502
655,52,302,255,100,1,3,715,572.8,430.6,288.4,146.2,4,176.9146754,169.3477435
656,0,0,309,56,76,120,2,8.5,15,20,12,4,29.45977657,47.32345943
657,215,108,20,23.5,27,128,4,42.5,81,55.33333333,29.66666667,4,29.0321916,118.9983872
658,5,28,53,23,28,76,4,4,10,16,31,0,35.53626457,43.02232214
659,55,302,285,100,2,3,715,572.8,430.6,288.4,146.2,4,1,298.4682387
660,52,302,205,100,1,3,817,18,14.25,10.5,6.75,3,1,15.36667436
661,54,302,205,100,1,3,715,572.8,430.6,288.4,146.2,4,242.8237785,67.76100938
662,4,12,6,30,12,28,2,7,10,12,42,0,41.74669276,79.15570177
663,0,55,418,257,103,159,11,75,24,36,121,1,10001,303.9182777
664,52,38,64,34,56,283,6,14,161,24,49,0,1,1
665,10,30,26,16,36,134,8,14,22,4,62,0,10001,67.23803787
666,0,26,74,32,40,84,6,2,12,14,52,1,12.14646861,91.93279483
667,2,22,165,7,208,70,128,192,256,130,4,2,19.63924355,8.324456409
668,5,26,47,22,28,69,4,4,10,16,31,0,27.26017976,62.10879421
669,111,1,89,198.5,308,225,174.25,123.5,72.75,22,3,4,8.085001178,1
670,28,66,98,16,69,28,14.5,1,2,39,8,1,47.41053388,1
671,88,94,101,57,58,71,48,25,2,2.666666667,3.333333333,4,14.99057382,22.83013308
672,116,78,40,2,1,11,107,73.33333333,39.66666667,6,15,4,4.267176587,16.70881368
673,116,78,40,2,1,11,107,73.33333333,39.66666667,6,15,4,10001,36.21805767
674,52,302,205,100,1,3,715,572.8,430.6,288.4,146.2,4,309.3747728,156.6348721
675,52,302,205,100,1,3,715,572.8,430.6,288.4,146.2,4,165.6178753,176.6396711
676,52,302,205,100,1,3,715,572.8,430.6,200,146.2,4,10088.52826,152.9504496
677,52,302,205,100,1,3,715,572.8,430.6,288.4,146.2,4,180.1976884,256.6749129
678,52,302,205,100,1,3,715,572.8,430.6,200,146.2,4,272.4025757,373.2957864
679,52,302,205,100,1,3,715,572.8,430.6,288.4,146.2,4,1,3.362999086
680,52,302,205,100,1,3,715,572.8,430.6,200,146.2,4,126.8603487,264.9466062
681,52,302,205,100,1,3,715,572.8,430.6,288.4,146.2,4,10017.12775,1
682,52,302,205,100,1,3,715,572.8,430.6,200,146.2,4,102.0511319,79.1973275
683,52,302,205,100,1,3,715,572.8,430.6,288.4,146.2,4,1,174.2186487
684,52,302,205,100,1,3,715,572.8,430.6,200,146.2,4,1,194.1338056
685,52,302,205,100,1,3,715,572.8,430.6,200,146.2,4,199.0091621,93.14478996
686,52,302,205,100,1,3,715,572.8,430.6,288.4,146.2,4,97.47587034,237.8002372
687,52,302,205,100,1,3,715,572.8,430.6,200,146.2,4,346.7790757,188.4824468
688,52,302,205,100,1,3,715,572.8,430.6,200,146.2,4,1,90.15523679
689,52,302,205,100,1,3,715,572.8,430.6,288.4,146.2,4,208.2779889,194.7122423
690,52,302,205,100,1,3,715,572.8,430.6,200,146.2,4,33.4522052,171.9583689
691,52,302,205,100,1,3,715,572.8,430.6,200,146.2,4,357.2286174,181.6582359
692,52,302,205,100,1,3,715,572.8,430.6,200,146.2,4,114.0522705,36.65660423
693,52,302,205,100,1,3,715,572.8,430.6,288.4,146.2,4,70.19977932,159.9571257
694,0,24,29,34,39,44,16,52,40,44,28,4,36.77204903,47.0198808
695,14,40,2,2,42,384,2,32,144,40,88,0,104.5095816,1
696,52,302,205,100,1,3,716,573.6,431.2,200,146.4,4,202.7248775,90.80536246
697,32,42,92,32,66,162,6,8,28,44,30,0,53.63744735,49.82412205
698,6,5,8,11,135.5,260,123,77,1,3,5,3,1,41.12887766
699,28,44,98,31,64,218,5,8,11,14,27,2,39.48161396,1
700,15,30,157,23,9,148,11,3,6,7,28,0,76.50974864,1
701,32,4,30,21,12,15,6,8,6,2,8,1,1,8.471627284
702,27,19,42,13,35,186,19,13,17,4,39,0,96.07696213,107.1352316
703,0,14,50,20,16,52,4,5,6,6,18,2,19.37957138,12.13836051
704,38,35,44,25,36,98,19,17,6,52,62,0,1,28.74337171
705,48,40,28,28,48,114,12,16,34,24,22,0,1,22.54698527
706,37,41,161,5,16,165,11,7,9,8,26,0,121.723947,1
707,129,94,99,12,159.5,307,36,21,6,5.333333333,4.666666667,4,21.77294268,7.363086778
708,12,20,36,8,20,48,28,8,16,32,16,1,34.8878494,46.02896986
709,0,25,91,6,27,135,33,10,23,3,27,1,1,107.4804166
710,3,4,8.5,13,51.5,90,127,112,1,2,3,3,59.06051687,1
711,0,0,12,16,20,782,72,48.5,25,120,14,4,1,204.6119116
712,0,14,92,18,25,167,30,2,23,7,22,1,35.12254276,57.8052561
713,0,14,92,18,25,167,30,2,23,7,22,1,1,49.32930903
714,255,502,245,100,3,7,125,100.8,76.6,30,28.2,4,197.0727234,1
715,0,0,0,0,20,126,2,13,18,40,64,4,60.3620303,1
716,5,4,3,3,24,3,4,5,6,11,71,3,76.54433886,102.0286376
717,22,78,157,6,143,37,28.5,20,12,43,22,1,82.6372602,43.5817745
718,0,0,37,23,51,308,11,13,47,20,82,2,59.87542992,69.42822693
719,35,59,31,18,33,36,12,9,21,7,24,0,10006.36378,74.01927919
720,0,84,120,21,63,167,35,36.5,38,11,6,2,1,1
721,6,4,7.5,11,76,141,123,77,1,2,3,3,1,26.79814135
722,8,22,18,17,57,111,13,7,47,5,42,0,32.79102063,58.74497197
723,0,0,104,24,27,248,93,20,64,62,39,2,101.0615351,144.4973841
724,6,4,7.5,11,76,141,123,77,1,2,3,3,106.0264242,46.38681909
725,0,0,104,24,27,248,93,20,64,62,39,2,1,128.0421877
726,6,4,7.5,11,76,141,123,77,1,2,3,3,1,1
727,0,0,16,10,4,2,4,4,4.5,5,4,4,1,1
728,22,17,18,5,3,3,8,6,4,7,10,2,5.011476324,9.057151904
729,19,69,5,54,10,249,77,55,90,75,37,0,1,1
730,371,39,62,62,40,257,82,7,44,40,35,0,1,1
731,0,22,6,4,8,12,9,6,2,6,5,4,5.621788951,17.69460131
732,16,18,44,20,28,132,2,2,20,18,32,0,60.98331894,35.7301733
733,3,4,8.5,13,51.5,90,123,76,1,2,3,3,29.71827835,26.66454197
734,0,17,15,1,2,32,6,58,6,8,10,2,32.90832745,1.038216463
735,3,4,8.5,13,51.5,90,123,76,1,2,3,3,21.68312556,31.80241195
736,3,4,8.5,13,51.5,90,123,76,1,2,3,3,1,14.40524287
737,2,21,35,17,20,56,3,2,3,6,22,0,4.09582826,1
738,27,13,72,16,73,181,28,12,29,4,40,0,72.63011887,67.5588892
739,2,35,35,13,15,48,7,2,3,3,17,0,23.54897437,1
740,6,29,87,2,12,17,20,16.8,13.6,10.4,7.2,4,27.62898792,66.46752797
741,32,48,39,35,28,70,5,9,96,10,17,0,10043.41515,23.6590523
742,0,0,51,28,44,168,8,30,52,3,33,3,42.38192566,1
743,17,36,89,5,15,149,5,3,8,3,26,0,1,1
744,15,44,36,79,32,141,39,9,33,43,61,0,34.36915791,135.8058694
745,37,6,27,48.5,70,7,35,107.5,180,9,6,3,70.97508051,42.12015474
746,71,76,4,58.5,113,189,127.3333333,65.66666667,4,135,2,3,20.89026037,1
747,4,70,70,26,30,96,14,4,6,6,34,0,1,36.53035608
748,54,179,110,53,53,110,74.33333333,38.66666667,3,3.333333333,3.666666667,4,1,105.394562
749,1,20,47,20,25,75,4,4,10,16,31,0,51.40527748,41.44141738
750,110,11,7,3,28,10,4,4.5,5,4,3,3,5.590180579,20.45133531
751,0,16,1,4,24,25,18.33333333,11.66666667,5,55,45,4,1,40
752,0,16,41,35,47,151,5,3,42,49,18,1,1,63.99402434
753,0,20,6,10,14,92,18,30,36.66666667,43.33333333,50,4,65.46760178,25.68879184
754,8,36,22,54,56,102,2,15,28,33,16,1,1,43.90682013
755,0,0,0,4,4,45,4,10,16,8,36,4,36.20619869,51.77828651
756,135,46,14,84,14,37,10,56,102,69,36,3,47.5441141,41.61391653
757,2,2,2,10,14,92,62,32,2,4,8,3,1,50.59367424
758,22,45,31,10,31,61,24,14,4,4,29,1,62.37626694,62.51933734
759,3,4,8.5,13,51.5,90,123,76,1,2,3,3,1,37.18925645
760,0,0,1,26,16,232,4,1,3,2,39,2,10052.30415,61.72016909
761,21,31,495,7,99,31,44.75,58.5,72.25,86,6,3,1,1
762,16,20,12,73,9,171,5,12,186,12,6.5,1,1,122.7533604
763,19,47,62,55,44,109,16,11,6,4.666666667,3.333333333,2,34.64550605,50.44676668
764,6,37,109,49,50,88,5,2,15,4,12,0,8.220155194,62.6963133
765,10,33,87,3,13,97,6,5,8,3,24,0,12.64314099,1
766,0,0,4,1,6,201,101,1,56,22,206,3,113.4626226,161.5024968
767,17,18,40,12,47,76,13,6,24,19,20,0,17.83751141,1
768,493,94,21,153,19,82,57.5,33,19,5,4,3,39.27726113,1
769,16,24,25,17.5,10,9,8.25,7.5,6.75,6,6,4,14.54086122,6.473447927
770,10,3,4.5,6,66,6,4,6,8,6,3,2,56.10059556,29.08391591
771,15,9,33,73.5,114,234,18,6,57,6,6,1,83.60714219,1
772,90,91,115,78,83,54,2,4,2,1,2,0,1,1
773,4,24,32,20,16,121,28,4,12,8,24,0,19.46421124,58.38152517
774,14,12,40,8,32,54,6,12,18,12,14,1,7.303797914,15.87999111
775,0,0,59,53,35,40,68,52,75,52,64,2,90.43412389,51.51174915
776,2,28,33,13,15,45,7,1,3,3,17,0,14.01690725,2.590615628
777,1,6,103,8,25,151,30,2,9,10,11,0,1,83.5375789
778,0,0,6,2,57,107,5,7,9,19,31,2,21.13687048,28.76582018
779,23,9,29,9,19,138,19,10,9,4,22,0,35.39510057,43.42870055
780,0,14,42,14,12,10,8,6,4,11,18,4,22.16008614,30.04635705
781,0,0,0,0,8,124,10,12,22,10,30,4,70.39047215,72.40246095
782,10,30,26,16,36,192,8,14,22,4,62,0,70.97278172,1
783,0,12,5,6,4,231,8,36,12,41,49,1,22.61512857,62.28452067
784,38,53,18,62,28,181,26,118,12,6,24,0,55.30394594,1
785,68,43,57,32,39,273,77,7,44,40,29,0,1,144.329479
786,0,20,17,9.5,2,29,15,20,15,10,14,3,15.57913761,13.46901561
787,10,30,26,16,36,134,8,14,22,4,62,0,86.78272056,1
788,16,24,25,17.5,10,9,8.25,7.5,6.75,6,6,4,1,1
789,2,13,28,2,8,22,2,1,3,5,21,0,20.60850693,13.05838495
790,2,4,6,8,4,30,16,2,2,12,4,2,7.392281651,1
791,16,158,78,45,12,28,18,8,24,10,8,2,1,61.00522018
792,92,293,103,37,81,108,58,8,10,12,14,3,107.7574117,124.5615894
793,6,37,109,49,50,88,5,2,15,4,12,0,10001,12.92681352
794,6,37,109,49,50,88,5,2,15,4,12,0,1,64.01294343
795,24,42,34,24,14,22,19.5,17,14.5,12,13,4,10012.51419,22.79020106
796,30,22,19,2,10,17,2,2,2,7,6,1,20.90297459,1
797,39,6,54,6,30,42,9,6,24,12,39,0,57.1809038,6.869354747
798,13,19,41,4,58,96,5,2,18,16,12,0,1,97.7096476
799,19,27,8,35,14,20,13,99,6,1,17,0,47.4716682,74.61284495
800,3,18,5,142,50,22,24.33333333,26.66666667,29,20.66666667,16,4,33.36733927,20.1928106
801,0,0,0,0,10,89,35,12,46,19,6,4,1,1
802,0,0,0,6,10,111,35,14,46,26,6,3,1,1
803,45,16,18,7,52,70,7,7,41,3,21,0,17.74781287,1
804,10,22,29,4,45,201,8,41,74,38,6,1,9.443771341,48.43513635
805,34,82,48,4,10,10,7.333333333,4.666666667,2,2.666666667,3.333333333,4,1,1
806,27,5,2,34,29,333,238,4,1,1.333333333,1.666666667,2,104.0881625,1
807,27,5,2,34,29,333,238,4,1,1.333333333,1.666666667,2,1,63.20797273
808,30,40,67,10,34,58,46.5,35,58,96.5,135,3,111.474006,170.276337
809,6,48,40,32,24,23,40,28,16,4,4,4,5.000135302,1
810,16,24,25,17.5,10,9,8.25,7.5,6.75,6,6,4,6.805584844,1
811,343,29,28,19,10,105,53,37.66666667,22.33333333,7,5.5,4,10015.05785,1
812,0,0,32,32,22,124,19,10,29,28,45,2,75.62114426,120.2263976
813,0,18,16.66666667,15.33333333,14,324,64,15,46,14,60,3,114.1353728,1
814,8,2,20,13,18,35,10,13,16,2,17,1,20.30203759,25.81875622
815,60,101,111,27,37,25,22,19,16,13,10,4,1,59.89324207
816,0,0,0,0,5,128,42,13,27,7,49,4,36.71894618,30.95595215
817,6,39,117,50,50,88,5,2,18,4,12,0,80.78310609,49.87054172
818,5,15,13,8,18,96,4,7,11,3,31,0,30.2109644,68.65746277
819,116,113.5,111,55,101,123,5,7,9,1,8,2,6.415614965,1
820,9,11,6,12,17.5,23,3,6,8,11,20,1,22.3407266,1
821,11,21,25,13,34,55,5,15,45,12,17,0,23.71466533,6.260513121
822,5,15,13,8,18,67,4,7,11,3,31,0,46.98469267,39.21477869
823,26,34,36,10,6,6,16,28,40,30,20,2,21.93457099,19.63195562
824,0,7,25,10,11,33,2,3,4,8,12,2,15.47566945,1
825,42,24,33,48,84,12,19,26,33,23.33333333,17,4,1,89.82788215
826,34,30,42,27,14,18,10,2,2,2,2,2,1,33.57841739
827,0,15,35,16,19,55,3,2,3,6,22,1,1,45.50502145
828,5,15,13,8,18,67,4,7,11,3,31,0,37.77593152,36.12858626
829,16,24,25,17.5,10,9,8.25,7.5,6.75,6,6,4,1,1.443805662
830,12,45,25,10,15,29,24,14,4,4,29,1,44.65507926,8.228180846
831,22,4,24,16,10,46,4,5,6,24,13,2,25.78681739,9.884586353
832,19,26,9,31,14,90,13,99,6,5,24,0,22.51979965,49.53723421
833,18,16,28,12,14,6,8,10,12,18,24,3,40.36935349,52.38290976
834,0,7,19,2,8,26,18,10,2,1,2.5,4,10.18113269,1
835,16,36,35,13,15,48,5,1,8,11,9,0,1.221633152,20.02815476
836,28,30,45,61.5,78,207,118.5,30,32,22.66666667,17,4,1,79.17355246
837,6,1,14,1,2,28,2,7,9,11,13,2,13.55397558,15.77598601
838,20,3,1,1,11,245,10,24,35,10,18,0,2.265724684,3.497318384
839,13,21,27,5,11,27,18,7,10,1,26,0,18.632927,17.66903259
840,0,0,274,6,30,320,22,14,24,16,30,2,10111.97459,21.29708584
841,0,0,95,124,40,191,131.6666667,72.33333333,13,41,28,4,1,4.67111997
842,80,54,40,1,2,50,119,76,1,2,3,1,1,46.03636262
843,6,10,28,6,6,36,20,4,2,11.5,21,2,29.69893758,3.841167015
844,23,56,47,36,66,148,108,7,77,49,102,0,102.5697447,197.3341183
845,220,86,14,325,29,1,2,3,3.25,3.5,3.75,4,4.936306314,73.52466966
846,220,86,14,325,29,1,2,3,3.25,3.5,3.75,4,42.95106446,1
847,8,5,28,12,15,33,2,2,32,3,9,0,1,23.0964504
848,16,26,8,14,11,88,11,99,6,5,25,0,61.82222701,87.73207371
849,6,11,2,1,1,2,2.75,3.5,4.25,5,4.5,4,10001.55519,5.16281162
850,72,370,55,82,26,35,3,3.2,3.4,3.6,3.8,4,10062.70434,70.77918123
851,2,2,2.5,3,2,2,2,3,4,56,42,2,26.62097645,88.69988002
852,26,34,36,10,6,6,16,12,8,14,20,2,10028.28428,43.00904111
853,110,110.5,111,45,76,117,5,7,9,1,8,2,147.1329262,30.91437261
854,52,297,205,100,1,3,111,89.6,68.2,46.8,40,4,145.4147153,1
855,0,7,25,10,8,26,2,2.5,3,3,9,2,1,1
856,0,7,25,10,8,26,2,2.5,3,3,9,2,8.53616379,21.72456071
857,0,7,25,10,8,26,2,2.5,3,3,9,2,16.71579376,1
858,39,179,99,71,89,119,26,17,10,7.333333333,4.666666667,2,87.00447888,8.38897153
859,2,2,9,6,21,56,6,12,33,4,28,0,24.74362329,8.346236666
860,28,46,33,20,32,44,87,45.5,4,20,36,4,17.17234079,10.72923595
861,0,0,0,0,10,65,1,9,11,20,32,4,44.23872995,48.22074753
862,0,0,0,5,1,30,1,3,5,2,11,4,12.03620488,1.193937617
863,16,24,25,17.5,10,9,8.25,7.5,6.75,6,6,4,2.928103095,39.45303087
864,0,18,9,1,12,41,11,9,11,11,16,1,8.592061958,21.10444444
865,300,1,5,30,1,376,5,4.8,4.6,4.4,4.2,4,1,87.42013589
866,10,31,118,62,54,106,5,2,13,6,20,0,14.48875276,116.7495072
867,2,18,34,26,10,64,2,4,10,16,6,0,1,21.18578791
868,27,5,2,34,29,333,23,4,3.75,3.5,3.25,3,1,15.6222405
869,0,0,0,12,77,260,24,37.5,51,30,94,4,100.7832019,150.0320508
870,0,2,8,2,21,17,3,2,13,8,13,1,22.08612106,5.937740286
871,0,18,7,1,9,36,11,9,11,11,12,1,10017.47215,13.31938665
872,0,15,3,8,1,24,3,5,9,3,31,1,10024.57621,1
873,2,5,3,7,11,51,30,9,44,4,30,2,56.09655725,43.17655448
874,0,4,23,10,8,25,2,2.5,3,9,9,2,5.344643584,23.15367172
875,1,3,16,9,2,81,1,1,66,20,8,1,1,1
876,2,57,176,3,6,2,1.666666667,1.333333333,1,1,10,2,1,63.52513705
877,44,20,44,33,4,1,1.6,2.2,2.8,3.4,4,4,1,1
878,30,16,22,23,24,36,20,4,12,4,12,2,11.59876607,1
879,0,0,0,12,4,75,47.5,20,38,40,42,4,33.61815794,62.72471515
880,0,15,3,8,1,24,3,5,9,3,31,1,48.52542906,37.93206852
881,18,12,6,44,72,79,14,24,34,36,12,1,1,1
882,10,35,24,34,50,78,15,9,27,16,34,0,50.71074311,114.0604432
883,3,11,26,7,69,170,46,12,7,54,31,0,43.78141357,70.72011644
884,0,94,203,148,60,48,32.66666667,17.33333333,2,8,18,3,1,1
885,6,8,28,6,12,18,11,4,9.666666667,15.33333333,21,4,36.15037144,38.22140914
886,2,28,10,3,7,29,5,2,1,4,12,0,11.99525424,9.772951374
887,6,68,130,34,9,6,4,4,4,4,4,4,54.74818761,1
888,6,18,6,6,24,46,35.66666667,25.33333333,15,12,6,2,19.79885946,1
889,3,19,7,17,19,35,7,5,28,1,45,0,40.11788914,54.94532343
890,0,7,38,27,31,135,58,26,56,21,12,1,1.489683621,86.33732891
891,11,17,16,5,3,35,8,6,4,7,10,2,12.59770571,40.36978627
892,0,0,4,2,42,18,16.5,15,16,2,54,3,39.59602604,37.8419358
893,0,11,53,69,18,33,22.66666667,12.33333333,2,20,278,3,293.5161288,464.3469275
894,0,1,14,1,2,28,2,7,8.666666667,10.33333333,12,3,16.27532026,30.9496488
895,0,81,20,13,42,123,36,17,5,31,35,1,1,21.04771683
896,255,104,50,107,5,29,21,13,5,4.666666667,4.333333333,4,1,109.7903327
897,2,14,20,8,8,50,2,2,4,18,10,0,24.29870759,1
898,3,5,14,3,3,21,11.5,2,7,8,15,1,18.00415949,21.81080804
899,0,0,0,22,40,82,6,2,12,14,52,3,65.48197887,68.52614436
900,20,23,33,45,53,101,19,13,19,10,27,0,14.38148368,24.99818017
901,6,37,20,3,9,11,107,56,5,5,5,3,1,1
902,10,28,22,1,12,27,6,5,7,1,17,0,7.871299106,10.39666316
903,6,8,28,6,12,18,11,4,9.666666667,17,21,4,10016.91805,34.74024905
904,12,10,12,8,88,168,6,12,30,4,3,2,42.21100143,1
905,4,6,8,1,18,103,77.5,52,26.5,1,2,3,1,52.13690953
906,12,15,13,10,39,55,6,5,4.5,4,3.5,3,10005.26897,15.90742813
907,1,15,13,8,18,67,4,7,11,3,31,0,21.71962947,6.404172022
908,13,17,18,5,3,3,8,6,4,7,10,2,10.46218051,17.63118705
909,2,12,11,11.5,12,13,1,2,3,1,2,3,2.3765212,8.824421112
910,13,33,25,43,26,100,21,6,18,18,39,0,64.25369458,5.857045215
911,3,92,10,6,6,5,4,3,2,11,20,4,54.86281715,51.70830092
912,16,48,40,8,8,8,8,8,8,12,16,4,28.86227645,1
913,2,28,10,3,7,22,5,2,4,6,8,2,9.043474878,15.76545859
914,2,28,10,3,7,22,5,2,4,6,8,2,1,7.802973678
915,2,28,10,3,7,22,5,2,4,6,8,2,5.21632798,9.895997159
916,3,5,14,3,3,18,10,2,3,4,12,1,5.572989971,40.01327057
917,0,1,11,2,7,12,8.333333333,4.666666667,1,5,1,4,5.514942003,19.83793102
918,34,10,2,8,2,8,4,4,4,4,4,3,6.400558757,6.371896831
919,7,7,12,13,52,91,12,8.666666667,5.333333333,2,3,4,2.977839188,1
920,34,53,72,10,49,76,1,73,40.5,8,2,1,11.66318975,16.41549949
921,0,2,11,7,3,65,10,1,7,1,23,2,35.86349593,1
922,5,17,15,10,18,43,12,7,17,25,16,0,5.849103579,18.30947141
923,2,5,1,1,6,39,2,3,38,3,20,0,25.40164108,51.56679128
924,0,11,3,1,1,33,9,4,8,10,8,1,1,1
925,3,15.5,28,90,26,18,12.33333333,6.666666667,1,6,34,3,31.10964542,8.06017111
926,0,0,0,0,42,20,2,32,122,24,46,4,10050.25305,47.40462783
927,4,10,13,4,16,30,16.5,3,8,12.5,17,2,10.38293131,23.15530021
928,3,5,14,3,3,21,11.5,2,7,8,7,1,1,1.59547363
929,4,8,13,7.5,2,44,2,2,2,41,16,1,1,1
930,3,2,6,8,11,45,5,6,15,5,21,0,27.2399451,15.78882306
931,5,3,1,19,39,16,13,10,7,37,8,3,10017.12105,60.38369965
932,9,15,19,1,6,20,4,3,1,1,15,0,10002.45996,6.338491234
933,9,15,19,1,6,20,4,3,1,1,15,0,10012.27063,15.25279442
934,10,16,20,11,2,12,11.33333333,10.66666667,10,12,14,4,20.43467575,8.076843819
935,10,15,15,12,27,41,2,5,5,4,5,0,4.299656933,1
936,18,15,17,15,36,22,1,2.5,4,1,15,1,15.2350984,2.703694301
937,0,0,0,0,8,78,8,6,14,30,20,4,1,34.47914993
938,4,8,13,7.5,2,44,2,2,2,41,15,1,26.28011908,28.00134781
939,24,6,18,32,34,36,3,11.5,20,17,38,2,29.66934408,67.76652076
940,6,11,8,20,14.5,9,2,1.5,1,4,8,2,18.09232869,1
941,34,32,43,26.5,10,105,2,2,2.666666667,3.333333333,4,3,59.83514388,1
942,3,5,14,3,3,18,10,2,3,4,2,1,3.699647945,4.315721002
943,3,8,8,1,29,37,4,10.5,17,6,5,1,10010.12433,23.77605814
944,4,7,9,6,6,68,10,2,18,5,12,0,3.883189974,1
945,5,7,13,6,50,99,66.66666667,34.33333333,2,2,2.5,3,3.34514923,109.784471
946,0,0,0,20,87,39,10,10.5,11,2,1,4,49.93902176,1
947,0,9,28,27,82,137,8,2,36,23,9,2,1,20.74691379
948,0,0,0,0,2,34,19,13,6,4,16,4,36.62944804,12.15718255
949,0,5,28,17.5,7,19,10,7,6,1,12,2,7.78551934,14.08210414
950,0,1,4,2,29.5,57,29.5,2,14,4,10,3,1,1
951,0,75,1,1,11,4,13,22,31,40,4,4,1,9.415824386
952,4,6.5,9,6.5,4,6,2,6,2,2,2,3,1.861077918,1
953,36,10,2,2,2,7,150,77,4,8,5,2,58.44606306,36.06069481
954,0,1,2,5,54,217,55,21,12,4,1,1,10004.88441,40.42566835
955,3,7,18,6,8,20,1,2,7,10,9,0,6.515158708,17.99766078
956,167,44,38,11,24,29,4,4,4,4,4,4,89.14345953,59.63294504
957,6,14,71,19,2,11.75,21.5,31.25,41,2,3,4,1,53.9035912
958,0,22,3,3,25,117,63.5,10,45,24,28,2,1,1
959,1,13,54,7,3,36,26,16,6,3,3,3,1,1
960,0,6,12,9,10,26,3,2.5,2,5,10,2,12.98171069,16.63544947
961,26,19,16,8,10,27,3,11,3,2,34,0,40.72235186,17.8044219
962,7,18,24,4,6,9,6.333333333,3.666666667,1,2,3,4,1,1
963,0,0,8,32,9,43,12,10,8,10.5,13,4,8.367984828,61.92393295
964,11,6,35,8,29,35,18.5,2,5,8,8,2,11.14706767,8.746106754
965,0,0,0,10,48,148,18,14,8,24,34,3,13.82212618,15.89033248
966,300,1,1,30,1,76,2,2.4,2.8,3.2,3.6,4,10027.97595,1
967,16,8,16,8,36,64,10,10,4,18,4,1,11.52708258,1
968,0,8,2,1.5,1,16,4,10,9,8,7,4,12.05925048,6.728736599
969,6,3,9,6,5,56,3,1,8,6,6,0,19.12321212,21.97250646
970,0,1,4,2,29.5,57,29.5,2,14,4,10,3,1,29.27855189
971,0,14,2,1,4,18,10,2,8,6,4,3,7.329707893,6.374641414
972,13,17,18,5,3,3,8,6,4,7,10,2,16.46160279,11.58350514
973,11,5,3,4,9,120,7,2,6,4,2,1,37.71400479,1
974,14,24,24,46,32,54,14,13,16,21,21,0,32.96502889,9.277658161
975,0,0,2,5,8,1,40,22,4,17,30,4,41.82041423,30.88688523
976,1,7,45,13,12,24,19.6,15.2,10.8,6.4,2,4,1,1
977,0,10,168,34,40,10,8,6,5.333333333,4.666666667,4,4,1,1
978,4,22,10,2,65,7,2,2.4,2.8,3.2,3.6,4,1,55.48889149
979,8,6,82,33,52,37,11,9,44,14,16,0,8.833609012,1
980,30,171,22,13,15,68,6,4.666666667,3.333333333,2,2.5,3,16.16830318,29.86838545
981,22,12.5,3,1,16,4,5,2,11,20,14,2,9.380533457,1
982,11,5,3,4,9,110,7,2,6,4,2,1,1,27.92394721
983,4,9,26,23,14,43,12,2,4,2,1.5,1,18.48614229,20.03326511
984,1,2.5,4,9,14,10,7,7.5,8,10,15,3,17.56410815,7.093866382
985,1,3,10,5,5,19,13,11,9,7,5,3,1,11.22813387
986,3,22,8,33,16,16,5,3,1,16,76,1,10085.95882,113.2890649
987,0,0,6,3,14,33,26,19,12,14,3,4,1,1
988,7,6,19,4,16,23,18.33333333,13.66666667,9,4,7,2,6,6
989,7,6,19,4,16,23,18.33333333,13.66666667,9,4,7,2,6,6
990,0,1,2,37,14,76,42,8,19,12,11,2,10028.53462,11
991,0,0,9,2,8,93,63.33333333,33.66666667,4,5,2,4,2,2
992,31,11,32,7,17,16,3,4,5,1,38,1,40.98965834,0
993,3,34,65,17,5,3,2,2,2,2,2,4,2,1
994,0,9,22,10,9,34,10,6,2,5,2,2,14.65141752,20.58839045
995,0,2,25,7,4,114,12,8,21,4,29,1,14.31997687,35.88083451
996,2,2,6,4,14,178,6,4,12,7,2,1,2.368180875,1.5
997,0,0,0,24,2,38,4,14,34,16,22,3,40.52682377,7.598234774
998,4,12,12,4,4,8,6.666666667,5.333333333,4,4,4,4,4.363871284,1
999,12,10,24,8,8,12,10.66666667,9.333333333,8,4,16,2,16.10522114,2.140252019
1000,0,4,16,15,14,42,2,2,6,20,11.5,3,19.33527756,5.759559467
1001,2,2,6,4,14,178,6,4,12,7,2,1,10001,2
1002,12,14,4,8,18,42,29,16,3,8,14,2,21.08287851,8.214229038
1003,16,9,2,16.66666667,31.33333333,46,27,28,2,30,86,3,64.50679392,73.76615028
1004,0,12,32,18,18,66,6,7,8,10,22,2,22.27588626,8.083002304
1005,0,6,2,20,9,10,16.33333333,22.66666667,29,18,8,3,2.277423556,32.00352242
1006,0,5,2,55,15,127,64.5,2,2,7,10,2,10035.41216,1
1007,2,2,6,4,14,178,6,4,12,7,2,1,1,34.3940284
1008,5,3,10,26,34,35,3,5,14,8,12,0,12.73439587,1
1009,0,0,0,8,24,80,8,6,4,40,39,3,59.22749908,93.98188702
1010,0,0,28,16,32,36,33.33333333,30.66666667,28,16,16,4,9.373289851,14.31802663
1011,0,1,101,46,46,63,5,2,12,2,12,1,7,12
1012,0,0,0,55,35,38,21,36,86,3,34,3,26.20396751,60.15854361
1013,4,12,7,2,10,14,8,2,2,2,5,1,7,7.885478221
1014,0,1,4,4,2,4,11,7,3,2.5,2,3,1.959527261,3
1015,0,0,38,22,28,36,28,20,12,20,20,4,31.13191582,37.90458879
1016,11,5,3,2,9,110,5,2,6,3.5,1,1,1,1
1017,6,10,18,4,8,18,14.66666667,11.33333333,8,16,8,2,7.470082613,10
1018,4,11,13,6,3,6,4.333333333,2.666666667,1,2,3,4,1,3.195032446
1019,2,5,2,12.5,23,17.5,12,6.5,1,7,6,4,11.01742651,1
1020,0,0,13,7,14,85,4,3,10,15,18,2,33.93942621,10.08368156
1021,3,3,9,15,9,17,10,10.5,11,21,9,2,10008.91231,1
1022,0,2,3,4,6,18,3,4.333333333,5.666666667,7,5.5,4,13.80418886,25.00300035
1023,0,4,1,1.5,2,32,2,2,2,29,11,2,3.302467175,10.12016211
1024,0,0,84,6,1,74,6,5,4,10,9,3,4.628809096,18.77567319
1025,4,8,13,7.5,2,44,2,2,2,41,15,1,32.61070726,3.501559382
1026,22,64,48,10,26,22,12,7,2,6,4,2,14.98815182,2.06348064
1027,0,0,38,2,6,13,7.5,2,1.5,1,1,4,6.768760795,7.403171521
1028,0,0,20,4,44,12,10,8,30,8,24,3,44.08768199,47.64957368
1029,5,11,6,14,35,29,9,11,6,1,1.5,2,1,28.61052005
1030,13,2,17,2,10,13,7.5,2,8,2,13,1,20.28482585,14.86128033
1031,0,2,2,3,5,34,29.33333333,24.66666667,20,5,4.5,4,1,1
1032,4,11,5,4,3,32,23.33333333,14.66666667,6,2,5,2,4.569919735,5.569830547
1033,0,0,5,8.5,12,11,4,7.5,11,10,16,4,17.57673166,15.74994024
1034,0,9,2,1.5,1,9,3,10,9,8,7,4,7.117913137,9.73637534
1035,8,8,8,6.666666667,5.333333333,4,8,16,36,8,16,3,10037.55515,16.53908865
1036,5,5,14,3,3,21,11.5,2,7,8,17,1,14.88036316,33.77827663
1037,0,1,8,32,56,117,28,12,4,18,6,2,6,5
1038,16,12,12,4,4,4,4,4,4,6,8,3,9.92071165,4.558283884
1039,2,11,11,36,6,41,18,3,15,25,22,0,11.98787878,38.33021862
1040,5,7.5,10,13.5,17,43,1,2,2,5,8,3,7.015944763,25.28333242
1041,0,0,18,8,12,22,6,10,14,12,14,3,2.300326831,23.09609498
1042,0,8,7,2,2,22,1,1,1,1,1,2,1,1
1043,1,3,14,2,2,23,4,1,2,4,2,0,3.59690044,2
1044,1,3,4,3,2,25,1,1,1,20,8,1,15.50044738,6
1045,9,3,11,24.5,38,78,6,4,21,2,2,1,2.046777693,1
1046,0,13,32,9,13,56,22,9,19,5,11,1,1,35.12010122
1047,0,4,2,2,18.5,35,4,4,14,2,4,2,1,1
1048,5,6,8,3,4,39,4,2,9,9,16,0,25.16173339,16.68511666
1049,2,6,7,4.5,2,38,2,2,2,35,13,1,1,1
1050,2,6,7,4.5,2,38,2,2,2,35,13,1,31.93460632,26.23752342
1051,22,11,10,4,10,5,4.333333333,3.666666667,3,1,34,2,24.93112287,36.38714589
1052,0,3,9,3,10,11,1,1.5,2,1,13,2,10.02184813,20.59197198
1053,2,4,18,13,8,24,17.33333333,10.66666667,4,12,8,4,15.41577458,1
1054,4,12,5,11,39,67,12,8,7,6,5,4,6,6
1055,1,4,8,2,17,11,6,1,3,1,3,1,2,3
1056,19,4,40,9,2,6,16,13.6,11.2,8.8,6.4,4,10013.27634,5
1057,1,3,8,2,17,11,6,1,2,2,3,1,2.609746293,13.62231805
1058,4,33,39,19,31,62,29,8,5.666666667,3.333333333,1,2,1,1
1059,8,4,12,48.33333333,84.66666667,121,6,8,10,8,6,4,19.4747242,5.961034243
1060,8,6,8,6,4,24,17.33333333,10.66666667,4,24,2,3,9.159857074,2
1061,2,1,20,77,60.5,44,6,19,32,22.66666667,17,4,15.75555551,17
1062,0,0,0,10,17,33,2,1,3,5,21,3,29.79011952,24
1063,0,8,1,1,1,15,4,10,9,8,7,4,7.428006891,28.42554266
1064,4,6,12,6,7,6,5.8,5.6,5.4,5.2,5,4,3.116935474,15.76041012
1065,1,1,3,2,7,109,5,2,6,3.5,1,1,10001,1
1066,6,4,7,10,12,14,8,6,4,3,7,3,10008.73884,6
1067,1,4,8,2,17,8,6,4,2,2,3,2,2.71759005,3
1068,1,3,8,2,16,7,5.333333333,3.666666667,2,2,3,2,2.955862435,6.512117073
1069,1,11,19,6,9,43,8,3,3,11,13,0,14.73759184,10.03613614
1070,3,5,14,3,3,17,9.5,2,3,4,12,1,11.37326282,1
1071,37,40,7,6,7,5,4,3,2,1,2.5,4,11.80581442,3
1072,0,0,0,0,17,18,12,4,13,16,6,4,6,4.067889179
1073,0,4,18,12,12,40,6,6,6,11,16,3,10002.22863,13.85048369
1074,3,1,65,17,4,2,2,2.4,2.8,3.2,3.6,4,1,3
1075,0,1,30,17,40,79,25,11,8,4.5,1,2,9.507950365,1
1076,0,0,0,0,1,10,4,2,1,3,7,4,8.079193074,21.9644569
1077,2,6,2,2,8,14,11,8,5,4,2,2,10002.65983,2
1078,7,12,17,2,8,9,7.333333333,5.666666667,4,5.5,7,4,6.494432317,26.72565949
1079,7,12,17,2,8,9,7.333333333,5.666666667,4,5.5,7,4,1,13.65902794
1080,1,1,3,2,7,109,3,2,6,3.5,1,1,1,1
1081,5,7.5,10,13.5,17,72,1,2,2,2.666666667,3.333333333,4,10001,3
1082,1,3,8,2,15,5,4,3,2,2,3,2,11.12627839,10.34322315
1083,0,1,5,1,4,7,2,3,4,5,6,4,2.641462021,5
1084,4,4,12,4,4,8,6.666666667,5.333333333,4,6,8,3,12.07411056,11.45536277
1085,6,12,12,4,6,4,4,4,4,6,8,3,11.81473173,30.36959623
1086,0,2,3,4,6,12,3,3.666666667,4.333333333,5,4.5,4,2.853617707,7.251850581
1087,0,2,3,4,6,12,3,3.666666667,4.333333333,5,4.5,4,4.645438163,6.417668956
1088,2,13,11,9,7,10,8,1,1,1,2.5,4,4.396672594,11.75243001
1089,0,0,0,0,1,23,2,2,9,3,9,4,9.655889385,1.927352662
1090,0,0,0,36,23,47,1,6,11,7,17,4,16,12.2270797
1091,0,6,2,8,10,12,4,6,8,9,10,4,7.027944271,8
1092,1,4,8,1,11,9,5,1,1,2,3,1,1,7.767739688
1093,0,3,11,3,11,15,1,2.5,4,1,13,2,12.06247604,11.6692659
1094,4,8,6,4,13,22,3,11,6,1,2,3,2,2
1095,6,2,7,8,14,18,9.5,1,2,2,3,1,13.77425488,3
1096,8,2,6,2,11.5,21,5,3,2,7,2,1,6.053093999,2
1097,0,22,8,6,4,18,7,2,4,3,2,3,2,2
1098,4,3,1,3,5,37,25,13,1,1,1,2,7.467014799,1
1099,1,7,14,7,3,25,4,2,19,14,8,0,6.279135502,1
1100,1,2,6,17,23,15,2,6,10,8,6,2,1,16.37255074
1101,0,6,8,3,9,7,5.666666667,4.333333333,3,4,6,3,9.576804541,1
1102,8,10,7,3,5,6,1,1.5,2,2,2,2,1.751215401,1.981515703
1103,5,7.5,10,13.5,17,43,1,2,2,2.666666667,3.333333333,4,20.65151507,1
1104,10,15,14,9,26,38,2,5,1,1,1,1,1,13.07326628
1105,0,6,2,2,8,15,11.66666667,8.333333333,5,4,4,4,2.628850823,1.494392338
1106,3,5,9,2,4,9,7.333333333,5.666666667,4,8,4,2,5.815781108,13.21194133
1107,0,2,9,2,3,8,1,2,3,2,5,2,10002.18253,1.856335388
1108,0,2,19,14,62,27,16,5,30,4,4,2,6.976202218,1
1109,0,5,3,2,9,110,5,2,6,3.5,1,2,1,14.12046038
1110,0,6,2,2,8,14,11,8,5,4,4,4,4.102196869,4
1111,0,2,9,4,3,8,1,2,3,2,5,2,1,1.901647856
1112,3,5,9,2,4,7,6,5,4,8,4,2,6.067748355,1.12197108
1113,1,2,1,1,1,13,15.33333333,17.66666667,20,7,5,4,10001,7
1114,3,8,2,3,5,9,2,4,3,2,2,0,1.087263905,1
1115,0,4,2,2,1,14,10.66666667,7.333333333,4,2,5,3,8.419055178,3.850054031
1116,0,8,8,10,12,4,4,4,4,6,8,4,8.575140698,28.20850994
1117,8,5,5,8,5,27,2,2,2,2,9,1,10011.3267,21.95107034
1118,0,4,7,2,2,22,1,1,1,1,1,2,1.847630365,1
1119,0,0,0,38,2,7,6,5,67,2,4,4,10005.08799,1
1120,0,3,2.333333333,1.666666667,1,21,1,4,7,3,5,3,4.679732206,2.489837076
1121,1,3,3,2.5,2,22,1,1,1,18,8,1,1,21.56968859
1122,0,1,13,2,9,15,6,9.5,13,27,41,3,43.22940145,40.63845704
1123,0,0,2,5,4,9,8,7,6,1,15,4,15.13412266,12.85938666
1124,1,22,15,1,33,41,33.75,26.5,19.25,12,8,4,14.61113189,3.35480124
1125,0,4,3,2,4,14,8,2,4,4,3,3,10001,5.235486049
1126,4,16,6,1,11,16,14.4,12.8,11.2,9.6,8,4,6.549417197,17.48245607
1127,2,22,30,22,14,12,9,7.75,6.5,5.25,4,4,2.732164468,1
1128,5,1,11,2,9,15,5,2,8,2,1,0,1,1
1129,0,6,1,1,25,55,9,6,4,2,2,2,1.798452017,22.70835424
1130,0,8,14,6,6,26,18,10,2,10,6,3,1,1
1131,0,0,2,8,4,12,2,2,2,2,2,4,10005.02614,25.34173558
1132,4,12,8,4,4,4,4,4,4,6,8,4,12.54247957,11.76748212
1133,5,3,10,20,32,27,4,5,4,3,2,1,1,9.190296472
1134,0,2,9,2,3,8,1,2,3,2,5,2,7.951830168,13.04802458
1135,0,2,4,2,2,38,4,5.5,7,7,5,3,1.251403138,1
1136,0,0,2,1,5,6,1,2,5,3,1,3,1,1
1137,0,2,3,4,6,4,3,3,3,3,3.5,4,3.91399274,1
1138,0,0,6,6,20,16,17.66666667,19.33333333,21,4,7,4,13.92954773,1
1139,1,1,4,3,2,1,1.666666667,2.333333333,3,7,1,4,2.596405142,1
1140,0,2,2,2,2,19,1,1,1,15,7,3,6.626284846,9.410884309
1141,0,0,1,4,2,6,1,1,1,1,1,4,1,11.95496959
1142,4,6,8,4,4,4,4,4,4,6,8,4,6.430502419,1
1143,4,4,8,4,10,8.5,7,5.5,4,6,8,4,4.884541625,2.765848903
1144,0,0,3,10,16,9,9,9,9,11,3,4,10.94150741,1.836757549
1145,2,3,2,2,3,11,1,1,1,1,3,1,1,8.209667306
1146,2,2,6,2,2,5,4,3,2,3,4,3,5.568684709,38.01019373
1147,1,2,2,1.5,1,17,1,1,3,12,6,1,10001.44589,32.7610871
1148,2,2,6,2,2,4,3.333333333,2.666666667,2,3,4,3,2.622741516,6.607514366
1149,0,0,2,1,5,6,1,2,5,3,1,3,1,1
1150,3,8,5,1,8,16,8.5,1,5,2,2,1,6.853352045,1
1151,0,8,1,1,1,15,4,10,9,8,7,4,7.145521976,1
1152,5,9,6,1,16,16,14.4,12.8,11.2,9.6,8,4,5.258158587,18.77715884
1153,1,3,3,3,3,7,4.5,2,2,8,5.5,3,8.078432083,1.067228715
1154,3,5,11,7,11,2,1.666666667,1.333333333,1,2,3,4,1,18.02713205
1155,2,6,6,5,4,6,5.333333333,4.666666667,4,16,10,4,15.41317845,15.23121876
1156,1,3,3,2,3,7,4,1,3,3,3,2,3.242819034,1
1157,0,0,1,1,6,5,3,1,1,1,1,4,1,1
1158,0,3,14,2,2,22,3,1,2,4,2,1,3.729558493,1
1159,0,3,14,2,2,22,3,1,2,4,2,1,1,1
1160,1,3,3.333333333,3.666666667,4,13,2,3.5,5,3,1,4,2.280254394,1
1161,0,0,4,5,6,9,2,2,2,2,11,4,8.434862137,8.23018935
1162,2,6,7,3,9,6,5.75,5.5,5.25,5,3,3,2.297722405,1
1163,1,2.5,4,1,2,9,1,1,2,1,1.5,2,1.695357823,5.365993946
1164,2,2,4,2,2,3,2.666666667,2.333333333,2,3,4,3,3.868571309,4.878129776
1165,0,0,6,6,10,13,12.33333333,11.66666667,11,4,5,4,12.41156429,13.41941987
1166,0,2,2,4,6,11,2,2,2,2,2.5,3,10003.08049,3
1167,1,3,5,4,3,5,1,1,1,1,1,4,1,9.600820729
1168,0,1,2,4,7,10,5.5,1,2.5,4,6,3,3.418603556,5
1169,0,2,12,10,9,34,10,6,2,2.666666667,3.333333333,4,10001,3.773707623
1170,0,2,2,2,3.5,5,3.5,2,2,2,2,3,2.352997014,1
1171,6,4,1,4,2,2,4,2.5,1,2,12,1,12.10042224,10.11385482
1172,2,9,6,1,1,1,1,1,2,1,1.5,2,1,30.96088357
1173,2,2,2,1.666666667,1.333333333,1,3,4,9,2,4,3,6.902501428,9.334401847
1174,0,7,1,12,1,6,5.666666667,5.333333333,5,2,3,4,1,1
1175,0,0,0,1,3,14,5,1,2,2,4,3,7.446514672,22.38147952
1176,2,2,3,3,4,12,2,3,4,5,3,2,3.220016239,7.163513755
1177,0,0,0,0,10,6,9,4,5,3,3,4,10001,18.36060371
1178,2,2,4,2,3,3,2.666666667,2.333333333,2,3,4,3,10003.90878,4.260025217
1179,1,1,1.666666667,2.333333333,3,16.5,30,16.5,3,1,1,4,1,2.510214283
1180,0,2,1,1,5,10,6,2,5,1,4,2,2.293866777,7.345857698
1181,0,0,2,3,10,15,11.33333333,7.666666667,4,10,2,4,9.568913296,16.80374935
1182,0,0,0,0,7,5,1,1,4,2,2,4,1.429954642,1
1183,0,0,0,6,3,3,4,3.5,3,11,3,4,1.381935855,35.81172424
1184,0,2,4,6,8,10,1,1,1,12,4,4,4.352508474,5.808505368
1185,0,2,4,6,8,10,1,1,1,12,4,4,11.54749969,4
1186,0,0,5,2,27,20,4,4,4,2.5,1,4,1,2
1187,0,0,0,2,9,5,3,1,15,12,10,4,10,10
1188,0,2,3,2,7,5,1,2,3,2,1,2,1,1
1189,0,0,4,2,3,6,4.666666667,3.333333333,2,5,1,4,3.614208337,2
1190,1,2,12,1,2,20,2,2,2,3,2,1,1.417466214,3.716102814
1191,0,2,2,1,3,11,2,2,2,1,2,2,2,2
1192,0,0,2,4,10,6,4,3.333333333,2.666666667,2,2,4,2.829347192,5.35479119
1193,0,0,2,4,10,6,4,3.333333333,2.666666667,2,2,4,3,6000.846036
1194,1,1.5,2,1,4.5,8,6.333333333,4.666666667,3,3,5,4,4.147176408,21.62331767
1195,1,3,21,4,2,10,7.666666667,5.333333333,3,2,2.5,3,5.127853123,19.70348551
1196,0,3,7,1,7,7,4.5,2,3,4,1,2,1,1
1197,0,0,2,4,3,7,5.5,4,2.5,1,1,4,2.41487147,22.10274168
1198,4,2,3,2.5,2,3,2.333333333,1.666666667,1,2,1,3,3,1
1199,1,3,3,2.5,2,3,2.666666667,2.333333333,2,8,6,4,6.126048622,4
1200,4,4,8,4,4,6,5.333333333,4.666666667,4,6,8,3,8.763278967,2.512985543
1201,0,2,10,1,1,16,1,1,2,3,2,1,1,27.76163537
1202,0,2,10,2,6,17,1,1,2,3,2.5,2,3.810208985,4.488480676
1203,3,5,7,2,4,14,1,1.6,2.2,2.8,3.4,4,3,2
1204,0,0,1,2.5,4,3,1,2,4,4,3,3,2.819552262,3.654313398
1205,1,2,2,1,4,6,4.333333333,2.666666667,1,2,3,2,2.810132638,3.898735092
1206,1,2.5,4,2,7,10,1,2,3,1,1,2,2,3.767886964
1207,2,4,2,3,2,2,4,4,3.75,3.5,3.25,3,4.346882474,5.8360993
1208,0,1,2,1,1,2,1,1,1,1,2,3,2.287830618,4
1209,0,1,3,4,5,6,2,2,2,2,1,4,4,1
1210,0,0,1,3,1,2,3,2.5,2,2,2,3,2.338188398,8.599534187
1211,0,1,2,5,5,4,3,2,2,2.666666667,3.333333333,4,4.078445129,17.47122714
1212,0,0,1,1,1,6,3,2,1,6,2,4,10003.25203,4.695466523
1213,1,1,6,2,3,12,1,2.5,4,2.5,1,2,2.941965687,2
1214,1,3,3,2,2,3,3,3,3,3.333333333,3.666666667,4,3.402052116,1
1215,2,2,1,2,2,2,2.8,3.6,4.4,5.2,6,4,6.420882641,3
1216,0,0,0,3,1,2,3,2.5,2,2,2,4,3.005937619,2
